"site","Descriptors","Yield","Standard error","count","year","start","end","p value","Significance","groups","detailed_name","order_rank","New.names.of.Descriptors"
"Younghusband","Rip.50IncRip_none",6.89685619144545,0.486889038674048,16,"2020to2021","2020","2021","1.137e-19","****","ns","Ripping to 50cm and inclusion with no amendments",130,"Rip.50IncRip"
"Younghusband","Spade.30_none",6.16850909545812,0.916919473264105,16,"2020to2021","2020","2021","1.137e-19","****","ns","spade 30cm with no amendments",35,"Spade.30"
"Younghusband","Rip.50_none",5.36168442571708,0.46596843418834,16,"2020to2021","2020","2021","1.137e-19","****","ns","Ripping to 50cm with no amendments",113,"Rip.50"
"Younghusband","Unmodified_SE14.band_8",4.36924601172478,0.669158817465324,16,"2020to2021","2020","2021","1.137e-19","****","ns","SE14 (wetter) banded 8cm",3,"SE14.band_8"
"Younghusband","Unmodified_Bi_Agra.surface+band_8",4.23146977094262,0.710319204070484,16,"2020to2021","2020","2021","1.137e-19","****","ns","Bi Agra (wetter) surface and banded 8cm",4,"Bi_Agra.surface+band_8"
"Brimpton Lake","Spade.30_Lc.incorp_30.Fert.incorp_30",16.8749167292788,1.98743210419029,4,"2014to2018","2014","2018","3.697e-05","****","ns","spade 30cm with lucerne and fertiliser incorporated 30cm",53,"Spade.30_Luc.incorp_30.Fert.incorp_30"
"Brimpton Lake","Spade.30_Lc.incorp_30.Fert.incorp_30.Clay.incorp_30",16.7112971599452,1.84776885064976,4,"2014to2018","2014","2018","3.697e-05","****","ns","spade 30cm with ulcerous and fertiliser and clay incorporated 30cm",55,"Spade.30_Luc.incorp_30.Fert.incorp_30.Clay.incorp_30"
"Brimpton Lake","Spade.30_Lc.incorp_30",16.2387675567834,2.97836403113151,4,"2014to2018","2014","2018","3.697e-05","****","ns","spade 30cm with lucerne incorporated 30cm",52,"Spade.30_Luc.incorp_30"
"Brimpton Lake","Spade.30_Lc.incorp_30.Clay.incorp_30",16.0560305879095,1.40922543385037,4,"2014to2018","2014","2018","3.697e-05","****","ns","spade 30cm with lucerne and clay incorporated 30cm",54,"Spade.30_Luc.incorp_30.Clay.incorp_30"
"Brimpton Lake","Spade.30_Clay.incorp_30",15.1146268664267,1.14621002216591,4,"2014to2018","2014","2018","3.697e-05","****","ns","spade 30cm with clay incorporated 30cm",69,"Spade.30_Clay.incorp_30"
"Brimpton Lake","Spade.30_none",14.4195949684637,1.85082941103595,4,"2014to2018","2014","2018","3.697e-05","****","ns","spade 30cm with no amendments",35,"Spade.30"
"Brimpton Lake","Spade.30_Fert.incorp_30.Clay.incorp_30",14.0558594628203,2.65287730727987,4,"2014to2018","2014","2018","3.697e-05","****","ns","spade 30cm with fertiliser and clay incorporated 30cm",58,"Spade.30_Fert.incorp_30.Clay.incorp_30"
"Brimpton Lake","Spade.30_Fert.incorp_30",13.9740410072812,1.02134096805523,4,"2014to2018","2014","2018","3.697e-05","****","ns","spade 30cm with fertiliser incorporated 30cm",65,"Spade.30_Fert.incorp_30"
"Brimpton Lake","Unmodified_Clay.incorp_10",13.8190992676862,2.03910522289746,4,"2014to2018","2014","2018","3.697e-05","****","ns","clay incorporated 10cm",27,"Clay.incorp_10"
"Brimpton Lake","Unmodified_Fert.band_30.Clay.incorp_10",11.7515536439024,0.828428388679966,4,"2014to2018","2014","2018","3.697e-05","****","ns","fertiliser banded 30cm and clay incorporated 10cm",25,"Fert.band_30.Clay.incorp_10"
"Brimpton Lake","Unmodified_Fert.band_30",11.7193670976211,1.4522040368773,4,"2014to2018","2014","2018","3.697e-05","****","ns","fertiliser banded 30cm",23,"Fert.band_30"
"Brimpton Lake","Control",10.3732080207986,0.32049019586006,4,"2014to2018","2014","2018","3.697e-05","****","ns","Control",1,"Control"
"Brooker","Spade.30_Lc@15.incorp_30.K_added.surface",7.2882241,1.34437748484396,3,"2019to2021","2019","2021","9.787e-05","****","ns","spade 30cm with lucerne at 15t/ha incorporated 30cm and potassium applied at surface",50,"Spade.30_Luc@15.incorp_30.K_added.surface"
"Brooker","Spade.30_Lc@15.incorp_30",6.296260377,1.00696477661255,3,"2019to2021","2019","2021","9.787e-05","****","ns","spade 30cm with lucerne at 15t/ha incorporated 30cm",42,"Spade.30_Luc@15.incorp_30"
"Brooker","Spade.30_Lc@8.incorp_30.K_added.surface",5.66431741933333,1.77850583154142,3,"2019to2021","2019","2021","9.787e-05","****","ns","spade 30cm with lucerne at 8t/ha incorporated 30cm and potassium applied at surface",48,"Spade.30_Luc@8.incorp_30.K_added.surface"
"Brooker","Spade.30_Lc@4.incorp_30.K_added.surface",4.65730658833333,1.29434218786548,3,"2019to2021","2019","2021","9.787e-05","****","ns","spade 30cm with lucerne at 4t/ha incorporated 30cm and potassium applied at surface",46,"Spade.30_Luc@4.incorp_30.K_added.surface"
"Brooker","Spade.30_Lc@8.incorp_30",4.174025488,1.56896969874988,3,"2019to2021","2019","2021","9.787e-05","****","ns","spade 30cm with lucerne at 8t/ha incorporated 30cm",40,"Spade.30_Luc@8.incorp_30"
"Brooker","Spade.30_Fert.incorp_30.K_added.incorp_30",3.88946695366667,1.42811482454302,3,"2019to2021","2019","2021","9.787e-05","****","ns","spade 30cm with fertiliser and potassium incorporated 30cm",66,"Spade.30_Fert.incorp_30.K_added.incorp_30"
"Brooker","Spade.30_Fert.incorp_30",3.375253547,1.19014837955288,3,"2019to2021","2019","2021","9.787e-05","****","ns","spade 30cm with fertiliser incorporated 30cm",65,"Spade.30_Fert.incorp_30"
"Brooker","Spade.30_Lc@4.incorp_30",3.09995139166667,1.60908515070649,3,"2019to2021","2019","2021","9.787e-05","****","ns","spade 30cm with lucerne at 4t/ha incorporated 30cm",38,"Spade.30_Luc@4.incorp_30"
"Brooker","Spade.30_K_added.surface",2.945916347,1.80767021983495,3,"2019to2021","2019","2021","9.787e-05","****","ns","spade 30cm with potassium applied at surface",64,"Spade.30_K_added.surface"
"Brooker","Unmodified_K_added.surface",1.642365583,0.417032303578812,3,"2019to2021","2019","2021","9.787e-05","****","ns","potassium applied surface",22,"K_added.surface"
"Brooker","Spade.30_none",1.55452630733333,1.80939044912209,3,"2019to2021","2019","2021","9.787e-05","****","ns","spade 30cm with no amendments",35,"Spade.30"
"Brooker","Control",0.680307672333333,0.405741806865687,3,"2019to2021","2019","2021","9.787e-05","****","ns","Control",1,"Control"
"Buckleboo","Rip.45IncRip_Fert_High.band_45",4.58889633333333,0.157032401791265,3,"2019to2021","2019","2021","6.619e-03","***","ns","Ripping to 45cm and inclusion with fertiliser (high rate) banded 45cm",111,"Rip.45IncRip_Fert_High.band_45"
"Buckleboo","Rip.45IncRip_Fert_APP.band_45",4.43243966666667,0.0781600796911912,3,"2019to2021","2019","2021","6.619e-03","***","ns","Ripping to 45cm and inclusion with fertiliser (app) banded 45cm",112,"Rip.45IncRip_Fert_APP.band_45"
"Buckleboo","Rip.45IncRip_Fert_Low.band_45",4.36673566666667,0.161162913445784,3,"2019to2021","2019","2021","6.619e-03","***","ns","Ripping to 45cm and inclusion with fertiliser (low rate) banded 45cm",110,"Rip.45IncRip_Fert_Low.band_45"
"Buckleboo","Rip.45_none",4.14663766666667,0.172633746626589,3,"2019to2021","2019","2021","6.619e-03","***","ns","Ripping to 45cm with no amendments",106,"Rip.45"
"Buckleboo","Rip.45IncRip_none",4.05521533333333,0.242255791634242,3,"2019to2021","2019","2021","6.619e-03","***","ns","Ripping to 45cm and inclusion with no amendments",107,"Rip.45IncRip"
"Buckleboo","Rip.35_none",3.727243,0.454033540200501,3,"2019to2021","2019","2021","6.619e-03","***","ns","Ripping to 35cm with no amendments",72,"Rip.35"
"Buckleboo","Control",3.670082,0.415183072842571,3,"2019to2021","2019","2021","6.619e-03","***","ns","Control",1,"Control"
"Bute_CSIRO","Unmodified_Cl@2.5.surface_Yr18,19,20",16.6866955119048,0.446116555244547,4,"2018to2021","2018","2021","3.867e-04","****","ns","chicken litter at 2.5t/ha applied surface in years 2018, 2019, 2020",7,"ChickL@2.5.surface_Yr18,19,20 "
"Bute_CSIRO","Unmodified_Cl@7.5.surface",16.6248268095238,0.606792787781211,4,"2018to2021","2018","2021","3.867e-04","****","ns","chicken litter at 7.5t/ha applied surface",13,"ChickL@7.5.surface"
"Bute_CSIRO","Rip.30_Cl@7.5.surface",16.5745687619048,0.519617308393043,4,"2018to2021","2018","2021","3.867e-04","****","ns","Ripping to 30cm with chicken litter @ 7.5t/ha applied at surface",74,"Rip.30_ChickL@7.5.surface"
"Bute_CSIRO","Rip.30_Cl@7.5.band_30",16.5027817261905,1.49554391569376,4,"2018to2021","2018","2021","3.867e-04","****","ns","Ripping to 30cm with chicken litter @ 7.5t/ha banded at 30cm",76,"Rip.30_ChickL@7.5.band_30"
"Bute_CSIRO","Rip.50_Cl@7.5.surface",16.2018259047619,0.576791634852912,4,"2018to2021","2018","2021","3.867e-04","****","ns","Ripping to 50cm with chicken litter at 7.5t/ha applied at surface",116,"Rip.50_ChickL@7.5.surface"
"Bute_CSIRO","Rip.50_Cl@7.5.band_50",16.0887699642857,0.384480427156885,4,"2018to2021","2018","2021","3.867e-04","****","ns","Ripping to 50cm with chicken litter at 7.5t/ha banded 50cm",118,"Rip.50_ChickL@7.5.band_50"
"Bute_CSIRO","Rip.50_Cl@2.5.surface_Yr18,19,20",15.9070941785714,0.33702859759563,4,"2018to2021","2018","2021","3.867e-04","****","ns","Ripping to 50cm with chicken litter at 2.5t/ha applied at surface in years 2018, 2019, 2020",115,"Rip.50_ChickL@2.5.surface_Yr18,19,20"
"Bute_CSIRO","Rip.50IncRip_Cl@7.5.incorp_50",15.5532788452381,0.737564966189184,4,"2018to2021","2018","2021","3.867e-04","****","ns","Ripping to 50cm and inclusion with chicken litter incorporated 50cm",133,"Rip.50IncRip_ChickL@7.5.incorp_50"
"Bute_CSIRO","Rip.30_none",15.1108551428571,1.58060043991622,4,"2018to2021","2018","2021","3.867e-04","****","ns","Ripping to 30cm with no amendments",71,"Rip.30"
"Bute_CSIRO","Control",14.4164679285714,1.56807133842069,4,"2018to2021","2018","2021","3.867e-04","****","ns","Control",1,"Control"
"Bute_CSIRO","Rip.50IncRip_none",14.2753243928571,0.626194266787265,4,"2018to2021","2018","2021","3.867e-04","****","ns","Ripping to 50cm and inclusion with no amendments",130,"Rip.50IncRip"
"Bute_CSIRO","Rip.50_none",13.8768866547619,1.2347976267781,4,"2018to2021","2018","2021","3.867e-04","****","ns","Ripping to 50cm with no amendments",113,"Rip.50"
"Bute_Trengrove","Rip.50_Cl@20.incorp_20.Fert.surface.Clay.incorp_20",23.9248130716558,1.24430223047492,3,"2015to2021","2015","2021","5.275e-05","****","ns","Ripping to 50cm with chicken litter at 20t/ha incorporated 20 cm and fertiliser applied at surface and clay incorporated 20cm",125,"Rip.50_ChickL@20.incorp_20.Fert.surface.Clay.incorp_20"
"Bute_Trengrove","Rip.50_Cl@5.incorp_20.Fert.surface",21.8679759333333,2.63400573946988,3,"2015to2021","2015","2021","5.275e-05","****","ns","Ripping to 50cm with chicken litter at 5t/ha incorporated 20 cm and fertiliser applied at surface",120,"Rip.50_ChickL@5.incorp_20.Fert.surface"
"Bute_Trengrove","Rip.50_Cl@20.incorp_20",21.6557319287933,1.25064808543887,3,"2015to2021","2015","2021","5.275e-05","****","ns","Ripping to 50cm with chicken litter at 20t/ha incorporated 20 cm",119,"Rip.50_ChickL@20.incorp_20"
"Bute_Trengrove","Rip.50_Cl@20.incorp_20.Fert.surface",21.243541821147,5.94295271494026,3,"2015to2021","2015","2021","5.275e-05","****","ns","Ripping to 50cm with chicken litter at 20t/ha incorporated 20 cm and fertiliser applied at surface",123,"Rip.50_ChickL@20.incorp_20.Fert.surface"
"Bute_Trengrove","Rip.50_Cl@20.incorp_20.Clay.incorp_20",20.745926742055,3.58649323180887,3,"2015to2021","2015","2021","5.275e-05","****","ns","Ripping to 50cm with chicken litter at 20t/ha incorporated 20 cm and clay incorporated 20cm",124,"Rip.50_ChickL@20.incorp_20.Clay.incorp_20"
"Bute_Trengrove","Rip.50_Cl@5.incorp_20.Fert.surface.Clay.incorp_20",20.5023995314217,3.9897565808929,3,"2015to2021","2015","2021","5.275e-05","****","ns","Ripping to 50cm with chicken litter at 5t/ha incorporated 20 cm and fertiliser applied at surface and clay incorporated 20cm",122,"Rip.50_ChickL@5.incorp_20.Fert.surface.Clay.incorp_20"
"Bute_Trengrove","Rip.50_Fert.surface",20.4432763455197,2.2951436033864,3,"2015to2021","2015","2021","5.275e-05","****","ns","Ripping to 50cm with fertiliser applied at surface",126,"Rip.50_Fert.surface"
"Bute_Trengrove","Rip.50_Fert.surface.Clay.incorp_20",18.8239910469534,3.44566606663982,3,"2015to2021","2015","2021","5.275e-05","****","ns","Ripping to 50cm with fertiliser applied at surface and clay incorporated 20cm",128,"Rip.50_Fert.surface.Clay.incorp_20"
"Bute_Trengrove","Rip.50_Cl@5.incorp_20.Clay.incorp_20",18.6917136182796,4.4756576690466,3,"2015to2021","2015","2021","5.275e-05","****","ns","Ripping to 50cm with chicken litter at 5t/ha incorporated 20 cm and clay incorporated 20cm",121,"Rip.50_ChickL@5.incorp_20.Clay.incorp_20"
"Bute_Trengrove","Rip.50_Cl@5.incorp_20",18.4505631669056,1.74525996174777,3,"2015to2021","2015","2021","5.275e-05","****","ns","Ripping to 50cm with chicken litter at 5t/ha incorporated 20 cm",117,"Rip.50_ChickL@5.incorp_20"
"Bute_Trengrove","Unmodified_Cl@20.incorp_8.Fert.surface.Clay.incorp_8",17.5581593412186,3.84359645202915,3,"2015to2021","2015","2021","5.275e-05","****","ns","chicken litter at 20t/ha and fertiliser and clay incorporated 8cm",17,"ChickL@20.incorp_8.Fert.surface.Clay.incorp_8"
"Bute_Trengrove","Unmodified_Cl@20.incorp_8.Clay.incorp_8",17.4294853658303,1.75383895162006,3,"2015to2021","2015","2021","5.275e-05","****","ns","chicken litter at 20t/ha and clay incorporated 8cm",16,"ChickL@20.incorp_8.Clay.incorp_8"
"Bute_Trengrove","Unmodified_Cl@5.incorp_8.Fert.surface",17.1459073495818,2.04995656960469,3,"2015to2021","2015","2021","5.275e-05","****","ns","chicken litter at 5t/ha incorporated 8cm and fertiliser applied at surface",10,"ChickL@5.incorp_8.Fert.surface"
"Bute_Trengrove","Unmodified_Cl@20.incorp_8",16.8477185889754,3.12726054427877,3,"2015to2021","2015","2021","5.275e-05","****","ns","chicken litter at 20t/ha incorporated 8cm",14,"ChickL@20.incorp_8"
"Bute_Trengrove","Unmodified_Cl@5.incorp_8.Fert.surface.Clay.incorp_8",16.7480225407407,2.44279490109717,3,"2015to2021","2015","2021","5.275e-05","****","ns","chicken litter at 5t/ha and fertiliser and clay incorporated 8cm",12,"ChickL@5.incorp_8.Fert.surface.Clay.incorp_8"
"Bute_Trengrove","Unmodified_Fert.surface.Clay.incorp_8",16.654285611589,2.67864261374841,3,"2015to2021","2015","2021","5.275e-05","****","ns","fertiliser and clay incorporated 8cm",24,"Fert.surface.Clay.incorp_8"
"Bute_Trengrove","Unmodified_Cl@20.incorp_8.Fert.surface",16.621059748626,1.24894839214172,3,"2015to2021","2015","2021","5.275e-05","****","ns","chicken litter at 20t/ha and fertiliser applied at surface",15,"ChickL@20.incorp_8.Fert.surface"
"Bute_Trengrove","Rip.50_none",15.9366248060149,1.66054987735206,3,"2015to2021","2015","2021","5.275e-05","****","ns","Ripping to 50cm with no amendments",113,"Rip.50"
"Bute_Trengrove","Unmodified_Fert.surface",15.8139140956783,2.44255806646638,3,"2015to2021","2015","2021","5.275e-05","****","ns","fertiliser applied surface",19,"Fert.surface"
"Bute_Trengrove","Rip.50_Clay.incorp_20",14.6689002271207,3.52947103013809,3,"2015to2021","2015","2021","5.275e-05","****","ns","Ripping to 50cm with clay incorporated 20cm",127,"Rip.50_Clay.incorp_20"
"Bute_Trengrove","Unmodified_Cl@5.incorp_8.Clay.incorp_8",13.5853607522103,3.68228651741542,3,"2015to2021","2015","2021","5.275e-05","****","ns","chicken litter at 5t/ha and clay incorporated 8cm",11,"ChickL@5.incorp_8.Clay.incorp_8"
"Bute_Trengrove","Unmodified_Cl@5.incorp_8",13.1845610432703,2.14680116142728,3,"2015to2021","2015","2021","5.275e-05","****","ns","chicken litter at 5t/ha incorporated 8cm",9,"ChickL@5.incorp_8"
"Bute_Trengrove","Unmodified_Clay.incorp_8",12.1406880184773,2.75785619864962,3,"2015to2021","2015","2021","5.275e-05","****","ns","clay incorporated 8cm",26,"Clay.incorp_8"
"Bute_Trengrove","Control",10.2367231175339,2.06276010425688,3,"2015to2021","2015","2021","5.275e-05","****","ns","Control",1,"Control"
"Cadgee","Spade.30_Lc.incorp_30.Clay.incorp_30",9.33442939465539,0.774004976833275,5,"2014to2018","2014","2018","8.210e-05","****","ns","spade 30cm with lucerne and clay incorporated 30cm",54,"Spade.30_Luc.incorp_30.Clay.incorp_30"
"Cadgee","Spade.30_Lc.incorp_30.Fert.incorp_30.Clay.incorp_30",9.11467975984766,1.27816866430869,5,"2014to2018","2014","2018","8.210e-05","****","ns","spade 30cm with lucerne and fertiliser and clay incorporated 30cm",55,"Spade.30_Luc.incorp_30.Fert.incorp_30.Clay.incorp_30"
"Cadgee","Spade.30_Fert.incorp_30.Clay.incorp_30",8.02114967476979,1.50693209603214,5,"2014to2018","2014","2018","8.210e-05","****","ns","spade 30cm with fertiliser and clay incorporated 30cm",58,"Spade.30_Fert.incorp_30.Clay.incorp_30"
"Cadgee","Spade.30_Clay.incorp_30",7.33658654914079,1.5984964370849,5,"2014to2018","2014","2018","8.210e-05","****","ns","spade 30cm with clay incorporated 30cm",69,"Spade.30_Clay.incorp_30"
"Cadgee","Spade.30_Lc.incorp_30.Fert.incorp_30",7.25720709619667,2.09538782516837,5,"2014to2018","2014","2018","8.210e-05","****","ns","spade 30cm with lucerne and fertiliser incorporated 30cm",53,"Spade.30_Luc.incorp_30.Fert.incorp_30"
"Cadgee","Spade.30_Lc.incorp_30",6.83010158665518,1.5562160652619,5,"2014to2018","2014","2018","8.210e-05","****","ns","spade 30cm with lucerne incorporated 30cm",52,"Spade.30_Luc.incorp_30"
"Cadgee","Unmodified_Fert.band_30.Clay.incorp_10",6.66349405547,1.68256437871485,5,"2014to2018","2014","2018","8.210e-05","****","ns","fertiliser banded 30cm and clay incorporated 10cm",25,"Fert.band_30.Clay.incorp_10"
"Cadgee","Unmodified_Clay.incorp_10",5.96582927519767,2.02855203275879,5,"2014to2018","2014","2018","8.210e-05","****","ns","clay incorporated 10cm",27,"Clay.incorp_10"
"Cadgee","Spade.30_Fert.incorp_30",5.29282647340536,2.25822555313476,5,"2014to2018","2014","2018","8.210e-05","****","ns","spade 30cm with fertiliser incorporated 30cm",65,"Spade.30_Fert.incorp_30"
"Cadgee","Unmodified_Fert.band_30",5.03914958441104,1.63962002846863,5,"2014to2018","2014","2018","8.210e-05","****","ns","fertiliser banded 30cm",23,"Fert.band_30"
"Cadgee","Control",4.84706694297832,1.78752041945613,5,"2014to2018","2014","2018","8.210e-05","****","ns","Control",1,"Control"
"Cadgee","Spade.30_none",4.46598243821519,1.44462328873226,5,"2014to2018","2014","2018","8.210e-05","****","ns","spade 30cm with no amendments",35,"Spade.30"
"Carwarp_Amelioration","Rip.60Spade.30_Lc.incorp_30+band_60",4.87689791258337,0.335279725513951,4,"2018to2020","2018","2020","4.395e-03","***","ns","Ripping to 60cm and spading 30cm with lucerne incorporated 30cm and banded 60cm",143,"Rip.60Spade.30_Luc.incorp_30+band_60"
"Carwarp_Amelioration","Rip.30_Lc.band_30",4.81989908497311,0.363165693726364,4,"2018to2020","2018","2020","4.395e-03","***","ns","Ripping to 30cm with lucerne banded 30cm",78,"Rip.30_Luc.band_30"
"Carwarp_Amelioration","Rip.60Spade.30_none",4.5455473528261,0.15035019087931,4,"2018to2020","2018","2020","4.395e-03","***","ns","Ripping to 60cm and spading 30cm with no amendments",141,"Rip.60Spade.30"
"Carwarp_Amelioration","Rip.60_Lc.band_60",4.54294776198596,0.310692443518128,4,"2018to2020","2018","2020","4.395e-03","***","ns","Ripping to 60cm with lucerne banded 60cm",138,"Rip.60_Luc.band_60"
"Carwarp_Amelioration","Spade.30_none",4.52090213567793,0.149447115351884,4,"2018to2020","2018","2020","4.395e-03","***","ns","spade 30cm with no amendments",35,"Spade.30"
"Carwarp_Amelioration","Rip.30+60_Lc.band_30+60",4.48263936950255,0.164612231871166,4,"2018to2020","2018","2020","4.395e-03","***","ns","Ripping to 30cm and 60cm with lucerne banded 30cm and 60cm",86,"Rip.30+60_Luc.band_30+60"
"Carwarp_Amelioration","Rip.30_none",4.43176145906002,0.288478592062777,4,"2018to2020","2018","2020","4.395e-03","***","ns","Ripping to 30cm with no amendments",71,"Rip.30"
"Carwarp_Amelioration","Rip.60_none",4.40496971672554,0.199264935270401,4,"2018to2020","2018","2020","4.395e-03","***","ns","Ripping to 60cm with no amendments",134,"Rip.60"
"Carwarp_Amelioration","Spade.30_Lc.incorp_30",4.30010570424589,0.216751515234187,4,"2018to2020","2018","2020","4.395e-03","***","ns","spade 30cm with lucerne incorporated 30cm",52,"Spade.30_Luc.incorp_30"
"Carwarp_Amelioration","Rip.30+60_none",4.24618410902071,0.237911693480784,4,"2018to2020","2018","2020","4.395e-03","***","ns","Ripping to 30cm and 60cm with no amendments",84,"Rip.30+60"
"Carwarp_Amelioration","Unmodified_Lc.surface",4.24177732623163,0.207630036868148,4,"2018to2020","2018","2020","4.395e-03","***","ns","lucerne applied surface",5,"Luc.surface"
"Carwarp_Amelioration","Control",4.1545757273338,0.243784378544843,4,"2018to2020","2018","2020","4.395e-03","***","ns","Control",1,"Control"
"Cummins","Rip.30IncRip_none",11.367010470386,0.422605114410955,3,"2019to2021","2019","2021","1.416e-01","ns","ns","Ripping to 30cm and inclusion with no amendments",83,"Rip.30IncRip"
"Cummins","Rip.30IncRip_Gypsum.incorp_30",11.1130645413346,0.267291791291426,3,"2019to2021","2019","2021","1.416e-01","ns","ns","Ripping to 30cm and inclusion with Gypsum incorporated 30cm",85,"Rip.30IncRip_Gypsum.incorp_30"
"Cummins","Rip.30_none",10.7907485544615,0.475815666104725,3,"2019to2021","2019","2021","1.416e-01","ns","ns","Ripping to 30cm with no amendments",71,"Rip.30"
"Cummins","Control",10.5504766369746,0.401604540970797,3,"2019to2021","2019","2021","1.416e-01","ns","ns","Control",1,"Control"
"Karkoo","Rip.40IncRip_Lc.incorp_40",12.7404012345679,1.27176521636125,3,"2019to2021","2019","2021","1.908e-01","ns","ns","Ripping to 40cm and inclusion with chicken litter incorporated 40cm",103,"Rip.40IncRip_Luc.incorp_40"
"Karkoo","Rip.40_none",12.7143827160494,1.00025991278188,3,"2019to2021","2019","2021","1.908e-01","ns","ns","Ripping to 40cm with no amendments",100,"Rip.40"
"Karkoo","Rip.40IncRip_none",12.583487654321,0.765942202960633,3,"2019to2021","2019","2021","1.908e-01","ns","ns","Ripping to 40cm and inclusion with no amendments",101,"Rip.40IncRip"
"Karkoo","Control",11.0817283950617,0.792932345044656,3,"2019to2021","2019","2021","1.908e-01","ns","ns","Control",1,"Control"
"Karoonda","Spade.30_Lc.incorp_30.Fert.incorp_30",7.68652904181208,1.97686515911611,5,"2014to2018","2014","2018","1.081e-02","**","ns","spade 30cm with ulcerous and fertiliser incorporated 30cm",53,"Spade.30_Luc.incorp_30.Fert.incorp_30"
"Karoonda","Spade.30_Lc.incorp_30.Fert.incorp_30.Clay.incorp_30",7.67455744612649,2.69061881542856,5,"2014to2018","2014","2018","1.081e-02","**","ns","spade 30cm with ulcerous and fertiliser and clay incorporated 30cm",55,"Spade.30_Luc.incorp_30.Fert.incorp_30.Clay.incorp_30"
"Karoonda","Spade.30_Lc.incorp_30",7.66260495218009,2.57019102342282,5,"2014to2018","2014","2018","1.081e-02","**","ns","spade 30cm with lucerne incorporated 30cm",52,"Spade.30_Luc.incorp_30"
"Karoonda","Spade.30_Lc.incorp_30.Clay.incorp_30",7.45267666027153,2.72511048535313,5,"2014to2018","2014","2018","1.081e-02","**","ns","spade 30cm with lucerne and clay incorporated 30cm",54,"Spade.30_Luc.incorp_30.Clay.incorp_30"
"Karoonda","Spade.30_none",7.03889886117518,1.98800444339952,5,"2014to2018","2014","2018","1.081e-02","**","ns","spade 30cm with no amendments",35,"Spade.30"
"Karoonda","Unmodified_Fert.band_30",7.00750385383149,0.658143436683884,5,"2014to2018","2014","2018","1.081e-02","**","ns","fertiliser banded 30cm",23,"Fert.band_30"
"Karoonda","Unmodified_Fert.band_30.Clay.incorp_10",6.17775707083316,1.67374604997733,5,"2014to2018","2014","2018","1.081e-02","**","ns","fertiliser banded 30cm and clay incorporated 10cm",25,"Fert.band_30.Clay.incorp_10"
"Karoonda","Spade.30_Fert.incorp_30.Clay.incorp_30",5.84490399547862,2.38770042055389,5,"2014to2018","2014","2018","1.081e-02","**","ns","spade 30cm with fertiliser and clay incorporated 30cm",58,"Spade.30_Fert.incorp_30.Clay.incorp_30"
"Karoonda","Spade.30_Clay.incorp_30",5.8307069651914,1.47968468904783,5,"2014to2018","2014","2018","1.081e-02","**","ns","spade 30cm with clay incorporated 30cm",69,"Spade.30_Clay.incorp_30"
"Karoonda","Spade.30_Fert.incorp_30",5.13850147742457,0.509986028545564,5,"2014to2018","2014","2018","1.081e-02","**","ns","spade 30cm with fertiliser incorporated 30cm",65,"Spade.30_Fert.incorp_30"
"Karoonda","Control",4.80501784898567,1.31617355297841,5,"2014to2018","2014","2018","1.081e-02","**","ns","Control",1,"Control"
"Karoonda","Unmodified_Clay.incorp_10",3.41554381325198,0.591548281780145,5,"2014to2018","2014","2018","1.081e-02","**","ns","clay incorporated 10cm",27,"Clay.incorp_10"
"Kooloonong_canola","Rip.50_Cl.surface",0.858799342105262,0.499694575387896,4,"2021","2021",NA,"8.905e-01","ns","ns","Ripping to 50cm with chicken litter applied surface",114,"Rip.50_ChickL.surface"
"Kooloonong_canola","Control",0.812417763157894,0.508921685768546,4,"2021","2021",NA,"8.905e-01","ns","ns","Control",1,"Control"
"Kooloonong_canola","Rip.50_none",0.789473684210527,0.197433468813096,4,"2021","2021",NA,"8.905e-01","ns","ns","Ripping to 50cm with no amendments",113,"Rip.50"
"Kooloonong_canola","Unmodified_Cl.surface",0.646052631578948,0.327055414438554,4,"2021","2021",NA,"8.905e-01","ns","ns","chicken litter applied surface",6,"ChickL.surface"
"Kooloonong_chickpea","Rip.50_Cl.surface",5.38331375313284,0.426474878248138,4,"2019to2021","2019","2021","2.829e-03","***","ns","Ripping to 50cm with chicken litter applied surface",114,"Rip.50_ChickL.surface"
"Kooloonong_chickpea","Rip.50_none",5.38003602756892,1.35890916599038,4,"2019to2021","2019","2021","2.829e-03","***","ns","Ripping to 50cm with no amendments",113,"Rip.50"
"Kooloonong_chickpea","Unmodified_Cl.surface",3.42270128446115,0.442019532338436,4,"2019to2021","2019","2021","2.829e-03","***","ns","chicken litter applied surface",6,"ChickL.surface"
"Kooloonong_chickpea","Control",3.36755952380952,0.535900044801811,4,"2019to2021","2019","2021","2.829e-03","***","ns","Control",1,"Control"
"Kooloonong_lentil","Rip.50_Cl.surface",3.68179432957393,0.689519824297049,4,"2019to2021","2019","2021","2.538e-02","**","ns","Ripping to 50cm with chicken litter applied surface",114,"Rip.50_ChickL.surface"
"Kooloonong_lentil","Rip.50_none",3.55267465538847,1.06861582322459,4,"2019to2021","2019","2021","2.538e-02","**","ns","Ripping to 50cm with no amendments",113,"Rip.50"
"Kooloonong_lentil","Unmodified_Cl.surface",2.72115053258145,0.337768369026328,4,"2019to2021","2019","2021","2.538e-02","**","ns","chicken litter applied surface",6,"ChickL.surface"
"Kooloonong_lentil","Control",2.19231672932331,0.244035341609568,4,"2019to2021","2019","2021","2.538e-02","**","ns","Control",1,"Control"
"Kooloonong_lupin","Rip.50_none",5.33988486842105,0.58827627324663,4,"2019to2021","2019","2021","1.217e-02","**","ns","Ripping to 50cm with no amendments",113,"Rip.50"
"Kooloonong_lupin","Rip.50_Cl.surface",5.17794486215539,0.447009846880533,4,"2019to2021","2019","2021","1.217e-02","**","ns","Ripping to 50cm with chicken litter applied surface",114,"Rip.50_ChickL.surface"
"Kooloonong_lupin","Unmodified_Cl.surface",4.3780505952381,0.654834476939183,4,"2019to2021","2019","2021","1.217e-02","**","ns","chicken litter applied surface",6,"ChickL.surface"
"Kooloonong_lupin","Control",3.96439536340852,0.492295264780793,4,"2019to2021","2019","2021","1.217e-02","**","ns","Control",1,"Control"
"Kybunga","Spade.30_Cl.incorp_30",10.4510471612566,0.432429807993702,4,"2019to2021","2019","2021","4.529e-04","****","ns","spade 30cm with chicken litter incorporated 30cm",56,"Spade.30_ChickL.incorp_30"
"Kybunga","Rip.50_Cl.surface",10.2606031356031,0.384376980730359,4,"2019to2021","2019","2021","4.529e-04","****","ns","Ripping to 50cm with chicken litter applied surface",114,"Rip.50_ChickL.surface"
"Kybunga","Rip.50Spade.30_none",9.79915635037363,0.813473311670976,4,"2019to2021","2019","2021","4.529e-04","****","ns","Ripping to 50cm and spading 30cm with no amendments",129,"Rip.50Spade.30"
"Kybunga","Spade.30_none",9.60649054899055,0.641821970464454,4,"2019to2021","2019","2021","4.529e-04","****","ns","spade 30cm with no amendments",35,"Spade.30"
"Kybunga","Rip.50_none",9.23670964368333,0.748984179429394,4,"2019to2021","2019","2021","4.529e-04","****","ns","Ripping to 50cm with no amendments",113,"Rip.50"
"Kybunga","Rip.30_none",8.94065533065533,0.972612036279725,4,"2019to2021","2019","2021","4.529e-04","****","ns","Ripping to 30cm with no amendments",71,"Rip.30"
"Kybunga","Control",7.88252001083153,0.518823765223639,4,"2019to2021","2019","2021","4.529e-04","****","ns","Control",1,"Control"
"Lowaldie_Crest","Rip.60_none",7.48878739563127,2.61941931479415,4,"2019to2021","2019","2021","7.835e-02","*","ns","Ripping to 60cm with no amendments",134,"Rip.60"
"Lowaldie_Crest","Rip.40_none",6.33543667074685,0.735833201364815,4,"2019to2021","2019","2021","7.835e-02","*","ns","Ripping to 40cm with no amendments",100,"Rip.40"
"Lowaldie_Crest","Control",4.4371318348433,0.957740582583803,4,"2019to2021","2019","2021","7.835e-02","*","ns","Control",1,"Control"
"Lowaldie_Deep sand","Rip.60_none",8.12265439470525,0.782811821836392,4,"2019to2021","2019","2021","4.661e-04","****","ns","Ripping to 60cm with no amendments",134,"Rip.60"
"Lowaldie_Deep sand","Rip.40_none",7.0885196575777,0.880138200722542,4,"2019to2021","2019","2021","4.661e-04","****","ns","Ripping to 40cm with no amendments",100,"Rip.40"
"Lowaldie_Deep sand","Control",4.74743116792616,0.620313454258247,4,"2019to2021","2019","2021","4.661e-04","****","ns","Control",1,"Control"
"Malinong","Spade.30_none",9.7870987654321,1.24886773936627,3,"2019to2021","2019","2021","1.448e-01","ns","ns","spade 30cm with no amendments",35,"Spade.30"
"Malinong","DiscInv.30_none",9.14151234567902,1.56852994588226,3,"2019to2021","2019","2021","1.448e-01","ns","ns","Disc inversion to 30cm with no amendments",148,"Ploughing.30"
"Malinong","Control",8.53172839506173,0.470760868211097,3,"2019to2021","2019","2021","1.448e-01","ns","ns","Control",1,"Control"
"Malinong","Rip.30_none",8.06811728395062,0.518187612114454,3,"2019to2021","2019","2021","1.448e-01","ns","ns","Ripping to 30cm with no amendments",71,"Rip.30"
"Malinong","Rip.40_none",7.62521604938272,0.733913621496435,3,"2019to2021","2019","2021","1.448e-01","ns","ns","Ripping to 40cm with no amendments",100,"Rip.40"
"Monia_Gap","Spade.30_Cl.incorp_30.Gypsum.incorp_30",7.09369388486259,1.54487432940835,3,"2019to2021","2019","2021","9.218e-01","ns","ns","spade 30cm with chicken litter and gypsum incorporated 30cm",57,"Spade.30_ChickL.incorp_30.Gypsum.incorp_30"
"Monia_Gap","Spade.30_Cl.incorp_30",6.64344491487217,1.14642912238938,3,"2019to2021","2019","2021","9.218e-01","ns","ns","spade 30cm with chicken litter incorporated 30cm",56,"Spade.30_ChickL.incorp_30"
"Monia_Gap","Spade.30_none",6.46546218039775,1.08723516021355,3,"2019to2021","2019","2021","9.218e-01","ns","ns","spade 30cm with no amendments",35,"Spade.30"
"Monia_Gap","Spade.30_Gypsum.incorp_30",6.35384304768225,1.18787257067032,3,"2019to2021","2019","2021","9.218e-01","ns","ns","spade 30cm with gypsum incorporated 30cm",70,"Spade.30_Gypsum.incorp_30"
"Monia_Gap","Control",6.13893678366012,1.56490569823804,3,"2019to2021","2019","2021","9.218e-01","ns","ns","Control",1,"Control"
"Monia_Gap","Rip.60Spade.30_none",6.00021490091762,1.20494327026927,3,"2019to2021","2019","2021","9.218e-01","ns","ns","Ripping to 30cm and spading 30cm with no amendments",141,"Rip.60Spade.30"
"Mt Damper","Rip.45IncRip+Spade.30_none",7.26642255892256,0.544069173584256,3,"2019to2021","2019","2021","1.014e-01","ns","ns","Ripping to 45cm and inclusion and spading 30cm with no amendments",108,"Rip.45IncRip+Spade.30"
"Mt Damper","Spade.30_none",6.95112794612795,1.49780513506893,3,"2019to2021","2019","2021","1.014e-01","ns","ns","spade 30cm with no amendments",35,"Spade.30"
"Mt Damper","Rip.45IncRip_Fert.incorp_45",6.27330808080808,3.34756363000206,3,"2019to2021","2019","2021","1.014e-01","ns","ns","Ripping to 45cm and inclusion with fertiliser banded 45cm",109,"Rip.45IncRip_Fert.incorp_45"
"Mt Damper","Rip.45IncRip_none",5.05761784511785,0.423018247410698,3,"2019to2021","2019","2021","1.014e-01","ns","ns","Ripping to 45cm and inclusion with no amendments",107,"Rip.45IncRip"
"Mt Damper","Control",2.97784511784512,1.92374269544501,3,"2019to2021","2019","2021","1.014e-01","ns","ns","Control",1,"Control"
"Murlong","Spade.30_Lc.incorp_30",6.4796295162,0.252857344191254,4,"2018to2021","2018","2021","2.103e-15","****","ns","spade 30cm with lucerne incorporated 30cm",52,"Spade.30_Luc.incorp_30"
"Murlong","Spade.30_Fert.incorp_30",6.4747844956,0.782593338424981,4,"2018to2021","2018","2021","2.103e-15","****","ns","spade 30cm with fertiliser incorporated 30cm",65,"Spade.30_Fert.incorp_30"
"Murlong","Spade.30_none",4.928139055125,0.336547309390534,4,"2018to2021","2018","2021","2.103e-15","****","ns","spade 30cm with no amendments",35,"Spade.30"
"Murlong","Rip.40_Lc.incorp_40",4.800216085325,0.219288614971183,4,"2018to2021","2018","2021","2.103e-15","****","ns","Ripping to 40cm with lucerne incorporated 40cm",104,"Rip.40_Luc.incorp_40"
"Murlong","Rip.40_Fert.incorp_40",4.442174238075,0.324621521277998,4,"2018to2021","2018","2021","2.103e-15","****","ns","Ripping to 40cm with fertiliser incorporated 40cm",105,"Rip.40_Fert.incorp_40"
"Murlong","Rip.40_none",4.203279263325,0.417466034256585,4,"2018to2021","2018","2021","2.103e-15","****","ns","Ripping to 40cm with no amendments",100,"Rip.40"
"Murlong","Rip.30_Fert.incorp_30",3.500483581475,0.342242255632692,4,"2018to2021","2018","2021","2.103e-15","****","ns","Ripping to 30cm with fertiliser incorporated 30cm",80,"Rip.30_Fert.incorp_30"
"Murlong","Rip.30_Lc.incorp_30",3.3942624589,0.482610605496992,4,"2018to2021","2018","2021","2.103e-15","****","ns","Ripping to 30cm with lucerne incorporated 30cm",77,"Rip.30_Luc.incorp_30"
"Murlong","Rip.30_none",3.2664813597,0.481546320451088,4,"2018to2021","2018","2021","2.103e-15","****","ns","Ripping to 30cm with no amendments",71,"Rip.30"
"Murlong","Control",1.737750589325,0.271349831050568,4,"2018to2021","2018","2021","2.103e-15","****","ns","Control",1,"Control"
"Ouyen_Spade","Spade.30_Cl.incorp_30",12.28312504,2.0602350928671,4,"2017to2020","2017","2020","5.791e-04","****","ns","spade 30cm with chicken litter incorporated 30cm",56,"Spade.30_ChickL.incorp_30"
"Ouyen_Spade","Spade.30_Com.incorp_30",10.58871768,1.63308030832675,4,"2017to2020","2017","2020","5.791e-04","****","ns","spade 30cm with compost incorporated 30cm",59,"Spade.30_Com.incorp_30"
"Ouyen_Spade","Spade.30_Vet_Cer_In.incorp_30",10.38778476,1.03750583055766,4,"2017to2020","2017","2020","5.791e-04","****","ns","spade 30cm with vetch and cereal and inoculant incorporated 30cm",63,"Spade.30_Vet_Cer_In.incorp_30"
"Ouyen_Spade","Spade.30_Vetch.incorp_30",9.73916812,0.686956279512707,4,"2017to2020","2017","2020","5.791e-04","****","ns","spade 30cm with vetch incorporated 30cm",61,"Spade.30_Vetch.incorp_30"
"Ouyen_Spade","Spade.30_Vet_Cer.incorp_30",9.46107796,1.35127548206966,4,"2017to2020","2017","2020","5.791e-04","****","ns","spade 30cm with vetch and cereal incorporated 30cm",62,"Spade.30_Vet_Cer.incorp_30"
"Ouyen_Spade","Spade.30_none",9.36381984,0.958870324908938,4,"2017to2020","2017","2020","5.791e-04","****","ns","spade 30cm with no amendments",35,"Spade.30"
"Ouyen_Spade","Spade.30_Cereal.incorp_30",9.23671872,1.02787362534072,4,"2017to2020","2017","2020","5.791e-04","****","ns","spade 30cm with cereal incorporated 30cm",60,"Spade.30_Cereal.incorp_30"
"Ouyen_Spade","Spade.30_Fert.incorp_30",8.74635512,1.52345406649353,4,"2017to2020","2017","2020","5.791e-04","****","ns","spade 30cm with fertiliser incorporated 30cm",65,"Spade.30_Fert.incorp_30"
"Ouyen_Spade","Control",6.93840076,0.351572418405752,4,"2017to2020","2017","2020","5.791e-04","****","ns","Control",1,"Control"
"Ouyen_Placement","Rip_30+30_none_annual",10.5990773809524,1.82736223209221,4,"2017to2020","2017","2020","3.049e-04","****","ns","Ripping to 30cm with growers standard fertiliser to 30cm with no amendments annually",90,"Rip_30+30_annual"
"Ouyen_Placement","Rip_30+7.5_none_annual",10.3212797619048,1.14526263996649,4,"2017to2020","2017","2020","3.049e-04","****","ns","Ripping to 30cm with growers standard fertiliser to 7.5cm with no amendments annually",88,"Rip_30+7.5_annual"
"Ouyen_Placement","Rip_30+30_Fert.banded_30_annual",10.1458392857143,1.74269886515394,4,"2017to2020","2017","2020","3.049e-04","****","ns","Ripping to 30cm with growers standard fertiliser to 30cm with fertiliser banded 30cm annually",92,"Rip_30+30_Fert.banded_30_annual"
"Ouyen_Placement","Rip_30+7.5_none",9.35482738095238,1.06410011171918,4,"2017to2020","2017","2020","3.049e-04","****","ns","Ripping to 30cm with growers standard fertiliser to 7.5cm with no amendments ",87,"Rip_30+7.5"
"Ouyen_Placement","Rip_30+30_Fert.banded_30",9.16804166666667,1.37929881149953,4,"2017to2020","2017","2020","3.049e-04","****","ns","Ripping to 30cm with growers standard fertiliser to 30cm with fertiliser banded 30cm",91,"Rip_30+30_Fert.banded_30"
"Ouyen_Placement","Rip_30+30_none",8.50431547619048,0.877156353707367,4,"2017to2020","2017","2020","3.049e-04","****","ns","Ripping to 30cm and 30cm with no amendments annually",89,"Rip_30+30"
"Ouyen_Placement","Pre_drill_20+20_Fert.banded_20_annual",8.22442261904762,1.58695760916243,4,"2017to2020","2017","2020","3.049e-04","****","ns","Pre drill to depth 20cm with growers standard fertiliser to 20cm with fertiliser banded at 20cm annually ",34,"Pre_drill_20+20_Fert.banded_20_annual"
"Ouyen_Placement","Pre_drill_20+20_none_annual",7.98669246031746,0.720413291659255,4,"2017to2020","2017","2020","3.049e-04","****","ns","Pre drill to depth 20cm with growers standard fertiliser to 20cm with no additional amendments performed annually",32,"Pre_drill_20+20_annual"
"Ouyen_Placement","Pre_drill_20+20_Fert.banded_20",7.84942261904762,1.43134662389587,4,"2017to2020","2017","2020","3.049e-04","****","ns","Pre drill to depth 20cm with growers standard fertiliser to 20cm with fertiliser banded at 20cm",33,"Pre_drill_20+20_Fert.banded_20"
"Ouyen_Placement","Unmodified_none.Fert.surface",7.590875,0.524358400874849,4,"2017to2020","2017","2020","3.049e-04","****","ns","growers standard fertiliser to surface with no additional amendments",28,"none.Fert.surface"
"Ouyen_Placement","Control",7.52204166666666,0.531063008396366,4,"2017to2020","2017","2020","3.049e-04","****","ns","Control",1,"Control"
"Ouyen_Placement","Pre_drill_20+20_none",7.44918452380953,1.02851026794483,4,"2017to2020","2017","2020","3.049e-04","****","ns","Pre drill to depth 20cm with growers standard fertiliser to 20cm with no additional amendments",31,"Pre_drill_20+20"
"Ouyen_Placement","Pre_drill_20+7.5_none_annual",7.43115476190476,0.309286332281846,4,"2017to2020","2017","2020","3.049e-04","****","ns","Pre drill to depth 20cm with growers standard fertiliser to 7.5cm with no additional amendments annually",30,"Pre_drill_20+7.5_annual"
"Ouyen_Placement","Pre_drill_20+7.5_none",7.12010119047619,1.1942384049538,4,"2017to2020","2017","2020","3.049e-04","****","ns","Pre drill to depth 20cm with growers standard fertiliser to 7.5cm with no additional amendments",29,"Pre_drill_20+7.5"
"Sherwood","Spade.30_none",3.30954030684608,0.422467673885976,3,"2019to2021","2019","2021","5.864e-01","ns","ns","spade 30cm with no amendments",35,"Spade.30"
"Sherwood","Rip.30_Fert.surface",3.18944066466518,0.612470709452038,3,"2019to2021","2019","2021","5.864e-01","ns","ns","Ripping to 30cm with fertiliser applied at surface",79,"Rip.30_Fert.surface"
"Sherwood","Spade.30_Fert.incorp_30",3.17317307069267,0.808260334295416,3,"2019to2021","2019","2021","5.864e-01","ns","ns","spade 30cm with fertiliser incorporated 30cm",65,"Spade.30_Fert.incorp_30"
"Sherwood","Control",2.73687099073414,0.87507949541901,3,"2019to2021","2019","2021","5.864e-01","ns","ns","Control",1,"Control"
"Sherwood","Rip.30_none",2.54701512631663,0.488042010502894,3,"2019to2021","2019","2021","5.864e-01","ns","ns","Ripping to 30cm with no amendments",71,"Rip.30"
"Telopea_Downs","Spade.30_Clay@500.incorp_30_Yr07,20",3.64,0.174355957741627,3,"2020to2021","2020","2021","5.370e-01","ns","ns","spade 30cm with clay at 250t/ha in years 2007 and 2020",68,"Spade.30_Clay@500.incorp_30_Yr07,20"
"Telopea_Downs","Control",3.37333333333333,0.201328918273887,3,"2020to2021","2020","2021","5.370e-01","ns","ns","Control",1,"Control"
"Telopea_Downs","Spade.30_Clay@250.incorp_30",3.16333333333333,0.820081296783028,3,"2020to2021","2020","2021","5.370e-01","ns","ns","spade 30cm with clay at 250t/ha",67,"Spade.30_Clay@250.incorp_30"
"Tempy","Rip.50_Cl.surface",4.55012755102041,0.866887982424351,4,"2019to2020","2019","2020","1.148e-01","ns","ns","Ripping to 50cm with chicken litter applied surface",114,"Rip.50_ChickL.surface"
"Tempy","Rip.50IncRip_Cl.surface",4.4875425170068,0.689060582855935,4,"2019to2020","2019","2020","1.148e-01","ns","ns","Ripping to 50cm and inclusion with chicken litter applied surface",132,"Rip.50IncRip_ChickL.surface"
"Tempy","Rip.50_none",4.1889880952381,0.663432015432043,4,"2019to2020","2019","2020","1.148e-01","ns","ns","Ripping to 50cm with no amendments",113,"Rip.50"
"Tempy","Rip.50IncRip_none",4.1515306122449,0.961860269363936,4,"2019to2020","2019","2020","1.148e-01","ns","ns","Ripping to 50cm and inclusion with no amendments",130,"Rip.50IncRip"
"Tempy","Control",3.18626700680272,0.308490599897651,4,"2019to2020","2019","2020","1.148e-01","ns","ns","Control",1,"Control"
"Waikerie","Unmodified_Cl.surface",3.71367991617991,0.599461415297319,4,"2018to2020","2018","2020","8.641e-01","ns","ns","chicken litter applied at surface",6,"ChickL.surface"
"Waikerie","Rip.60_Cl.surface",3.63103933603934,0.368306013336062,4,"2018to2020","2018","2020","8.641e-01","ns","ns","Ripping to 60cm with chicken litter applied at surface",135,"Rip.60_ChickL.surface"
"Waikerie","Rip.30_Cl.band_30",3.53762342012342,0.517095585870769,4,"2018to2020","2018","2020","8.641e-01","ns","ns","Ripping to 30cm with chicken litter banded at 30cm",75,"Rip.30_ChickL.band_30"
"Waikerie","Rip.30_Fert.band_8",3.52215547965548,0.679295275209835,4,"2018to2020","2018","2020","8.641e-01","ns","ns","Ripping to 30cm with fertiliser banded at 8cm",81,"Rip.30_Fert.band_8"
"Waikerie","Unmodified_Fert.band_8",3.45865384615384,0.609737823974382,4,"2018to2020","2018","2020","8.641e-01","ns","ns","fertiliser banded 8cm",21,"Fert.band_8"
"Waikerie","Rip.60_none",3.41825545325545,0.487578796120809,4,"2018to2020","2018","2020","8.641e-01","ns","ns","Ripping to 60cm with no amendments",134,"Rip.60"
"Waikerie","Rip.60_Cl.band_60",3.37067889317889,0.21455706527515,4,"2018to2020","2018","2020","8.641e-01","ns","ns","Ripping to 60cm with chicken litter banded 60cm",136,"Rip.60_ChickL.band_60"
"Waikerie","Control",3.36777051777052,0.38050807946002,4,"2018to2020","2018","2020","8.641e-01","ns","ns","Control",1,"Control"
"Waikerie","Rip.30_Cl.surface",3.3607594957595,0.378466216051803,4,"2018to2020","2018","2020","8.641e-01","ns","ns","Ripping to 30cm with chicken litter applied at surface",73,"Rip.30_ChickL.surface"
"Waikerie","Rip.30_Fert.band_30",3.33531053031053,0.288155596111217,4,"2018to2020","2018","2020","8.641e-01","ns","ns","Ripping to 30cm with fertiliser banded at 30cm",82,"Rip.30_Fert.band_30"
"Waikerie","Rip.60_Fert.band_8",3.24429602679603,0.284087143811832,4,"2018to2020","2018","2020","8.641e-01","ns","ns","Ripping to 60cm with fertiliser banded 8cm",139,"Rip.60_Fert.band_8"
"Waikerie","Rip.60_Fert.band_60",3.15895365145365,0.639148455099559,4,"2018to2020","2018","2020","8.641e-01","ns","ns","Ripping to 60cm with fertiliser banded 60cm",140,"Rip.60_Fert.band_60"
"Waikerie","Rip.30_none",3.07498762498763,0.518318385565762,4,"2018to2020","2018","2020","8.641e-01","ns","ns","Ripping to 30cm with no amendments",71,"Rip.30"
"Warnertown","Spade.30_none",9.92512529550827,0.705754495731858,3,"2019to2021","2019","2021","1.141e-01","ns","ns","spade 30cm with no amendments",35,"Spade.30"
"Warnertown","Rip.50IncRip_none",9.84444444444444,0.981622977267848,3,"2019to2021","2019","2021","1.141e-01","ns","ns","Ripping to 50cm and inclusion with no amendments",130,"Rip.50IncRip"
"Warnertown","Rip.50_none",9.6274988179669,0.655380772229765,3,"2019to2021","2019","2021","1.141e-01","ns","ns","Ripping to 50cm with no amendments",113,"Rip.50"
"Warnertown","Rip.30_none",9.17409929078014,0.618765302414299,3,"2019to2021","2019","2021","1.141e-01","ns","ns","Ripping to 30cm with no amendments",71,"Rip.30"
"Warnertown","Control",8.44333806146572,1.19292134493904,3,"2019to2021","2019","2021","1.141e-01","ns","ns","Control",1,"Control"
"Warnertown","DiscInv.30_none",8.36354213376039,0.32014449488889,3,"2019to2021","2019","2021","1.141e-01","ns","ns","Disc inversion to 30cm with no amendments",148,"Ploughing.30"
"Wynarka","Rip.60IncRip_none",7.84608826588476,0.282841789444986,4,"2019to2021","2019","2021","3.232e-06","****","ns","Ripping to 60cm and inclusion with no amendments",144,"Rip.60IncRip"
"Wynarka","Rip.60IncRip+Spade.30_none",7.61340444974052,0.180728236047306,4,"2019to2021","2019","2021","3.232e-06","****","ns","Ripping to 60cm and inclusion and spading 30cm with no amendments",145,"Rip.60IncRip+Spade.30"
"Wynarka","Spade.30_none",7.57733530659675,0.239612483178449,4,"2019to2021","2019","2021","3.232e-06","****","ns","spade 30cm with no amendments",35,"Spade.30"
"Wynarka","Rip.60Spade.30_none",7.53073587806466,0.381699744417111,4,"2019to2021","2019","2021","3.232e-06","****","ns","Ripping to 30cm and spading 30cm with no amendments",141,"Rip.60Spade.30"
"Wynarka","Rip.60_none",6.9537238640036,0.0791222591390659,4,"2019to2021","2019","2021","3.232e-06","****","ns","Ripping to 60cm with no amendments",134,"Rip.60"
"Wynarka","Control",6.9361186575653,0.120999887744423,4,"2019to2021","2019","2021","3.232e-06","****","ns","Control",1,"Control"
"Wynarka","Rip.30_none",6.82748833395803,0.110166121479047,4,"2019to2021","2019","2021","3.232e-06","****","ns","Ripping to 30cm with no amendments",71,"Rip.30"
"Yenda","Sweep.30_Cl@9.incorp_30",14.1053270589546,1.03616991252928,4,"2017to2021","2017","2021","6.858e-07","****","ns","sweep 30cm with chicken litter at 9t/ha incorporated 30cm",96,"Sweep.30_ChickL@9.incorp_30"
"Yenda","Sweep.30_Cl@6.incorp_30",13.4470705342775,0.712951439419114,4,"2017to2021","2017","2021","6.858e-07","****","ns","sweep 30cm with chicken litter at 6t/ha incorporated 30cm",95,"Sweep.30_ChickL@6.incorp_30"
"Yenda","Sweep.30_Cl@9.incorp_30_Yr17,18,19",13.3414369834446,0.512901947558915,4,"2017to2021","2017","2021","6.858e-07","****","ns","sweep 30cm with chicken litter at 9t/ha incorporated 30cm applied 2017, 2018, 2019",97,"Sweep.30_ChickL@9.incorp_30_Yr17,18,19"
"Yenda","Unmodified_Fert.incorp_8",11.6490513125735,0.69573978409321,4,"2017to2021","2017","2021","6.858e-07","****","ns","fertiliser incorporated 8cm",20,"Fert.incorp_8"
"Yenda","Sweep.30_Cl@3.incorp_30",11.5116844287032,0.929971136962947,4,"2017to2021","2017","2021","6.858e-07","****","ns","sweep 30cm with chicken litter at 3t/ha incorporated 30cm",94,"Sweep.30_ChickL@3.incorp_30"
"Yenda","Sweep.30_Cl@3.incorp_30.Lime.incorp_8",11.4839193249168,1.15349858257674,4,"2017to2021","2017","2021","6.858e-07","****","ns","sweep 30cm with chicken litter at 3t/ha incorporated 30cm and lime incorporated 8cm",99,"Sweep.30_ChickL@3.incorp_30.Lime.incorp_8"
"Yenda","Sweep.30_Lime.incorp_30",10.9190424170115,0.802626048176464,4,"2017to2021","2017","2021","6.858e-07","****","ns","sweep 30cm with lime incorporated 30cm",98,"Sweep.30_Lime.incorp_30"
"Yenda","Unmodified_Cl@3.incorp_8",10.8830314036758,0.973313513120172,4,"2017to2021","2017","2021","6.858e-07","****","ns","chicken litter at 3t/ha incorporated 8cm",8,"ChickL@3.incorp_8"
"Yenda","Control",10.5710330196428,0.938952067543703,4,"2017to2021","2017","2021","6.858e-07","****","ns","Control",1,"Control"
"Yenda","Sweep.30_none",10.5480443881124,0.76219511361117,4,"2017to2021","2017","2021","6.858e-07","****","ns","sweep 30cm with no amendments",93,"Sweep.30"
"Yenda","Rip.60_none",10.4993952699055,1.52372245930917,4,"2017to2021","2017","2021","6.858e-07","****","ns","Ripping to 60cm with no amendments",134,"Rip.60"
"Yenda","Unmodified_Fert.foliar",10.020059679653,0.795659849556111,4,"2017to2021","2017","2021","6.858e-07","****","ns","fertiliser applied to foliar",18,"Fert.foliar"
