"site","year","plot","rep_block","crop","rip","rip_depth","mix","organic","organic_rate","fertiliser","fertiliser_rate","other_ameliorant","other_rate","placement","establishment","yield","dry_biomass","comments...19","old descriptors - to be removed","comments...21","Rip_depth_jax","placement_jax","amendment","Descriptors","Repellence","Acidity","Physical","Nutrient","other","Amelioration_Date","Amelioration_Year","Latitude","Longitude","yr_post_amelioration","sowing_date","harvest_date","previous_crop","site_year","met_name_number","rain","decile","grouping","modification","non_wetting","acidic","physical","rainfall_mean_annual","site_numb"
"Kooloonong_chickpea",2019,NA,1,"chickpea","rip",500,"none","none","NA","none","NA","none","NA","NA","40.178571428571423","1.6565476190476187","4.0714285714285712",NA,"Ripped No OM",NA,50,NA,"none","Rip.50_none",0,0,2,1,"0",NA,2019,-34.64,143.56,0,2019-05-09,2019-12-02,NA,"Kooloonong_chickpea_2019","BALRANALD (RSL)_049002",117.725,"decile 1","deep ripping > 40cm no amendment","deep ripping","green","green","red","323.1","049002"
"Kooloonong_chickpea",2019,NA,1,"chickpea","rip",500,"none","chicken_compost","5","none","NA","none","NA","surface","24.107142857142854","0.98392857142857149","4.3434523809523808",NA,"Ripped + OM",NA,50,"surface","Cl.surface","Rip.50_Cl.surface",0,0,2,1,"0",NA,2019,-34.64,143.56,0,2019-05-09,2019-12-02,NA,"Kooloonong_chickpea_2019","BALRANALD (RSL)_049002",117.725,"decile 1","deep ripping > 40cm amendment","deep ripping","green","green","red","323.1","049002"
"Kooloonong_chickpea",2019,NA,2,"chickpea","rip",500,"none","none","NA","none","NA","none","NA","NA","34.821428571428569","1.2232142857142858","3.3607142857142853",NA,"Ripped No OM",NA,50,NA,"none","Rip.50_none",0,0,2,1,"0",NA,2019,-34.64,143.56,0,2019-05-09,2019-12-02,NA,"Kooloonong_chickpea_2019","BALRANALD (RSL)_049002",117.725,"decile 1","deep ripping > 40cm no amendment","deep ripping","green","green","red","323.1","049002"
"Kooloonong_chickpea",2019,NA,2,"chickpea","rip",500,"none","chicken_compost","5","none","NA","none","NA","surface","25.892857142857142","1.3809523809523807","4.0797619047619049",NA,"Ripped + OM",NA,50,"surface","Cl.surface","Rip.50_Cl.surface",0,0,2,1,"0",NA,2019,-34.64,143.56,0,2019-05-09,2019-12-02,NA,"Kooloonong_chickpea_2019","BALRANALD (RSL)_049002",117.725,"decile 1","deep ripping > 40cm amendment","deep ripping","green","green","red","323.1","049002"
"Kooloonong_chickpea",2019,NA,3,"chickpea","rip",500,"none","chicken_compost","5","none","NA","none","NA","surface","39.285714285714285","1.1845238095238093","2.2154761904761902",NA,"Ripped + OM",NA,50,"surface","Cl.surface","Rip.50_Cl.surface",0,0,2,1,"0",NA,2019,-34.64,143.56,0,2019-05-09,2019-12-02,NA,"Kooloonong_chickpea_2019","BALRANALD (RSL)_049002",117.725,"decile 1","deep ripping > 40cm amendment","deep ripping","green","green","red","323.1","049002"
"Kooloonong_chickpea",2019,NA,3,"chickpea","rip",500,"none","none","NA","none","NA","none","NA","NA","32.142857142857139","1.5464285714285713","2.9863095238095236",NA,"Ripped No OM",NA,50,NA,"none","Rip.50_none",0,0,2,1,"0",NA,2019,-34.64,143.56,0,2019-05-09,2019-12-02,NA,"Kooloonong_chickpea_2019","BALRANALD (RSL)_049002",117.725,"decile 1","deep ripping > 40cm no amendment","deep ripping","green","green","red","323.1","049002"
"Kooloonong_chickpea",2019,NA,4,"chickpea","rip",500,"none","none","NA","none","NA","none","NA","NA","31.249999999999996","1.0511904761904762","3.1148809523809526",NA,"Ripped No OM",NA,50,NA,"none","Rip.50_none",0,0,2,1,"0",NA,2019,-34.64,143.56,0,2019-05-09,2019-12-02,NA,"Kooloonong_chickpea_2019","BALRANALD (RSL)_049002",117.725,"decile 1","deep ripping > 40cm no amendment","deep ripping","green","green","red","323.1","049002"
"Kooloonong_chickpea",2019,NA,4,"chickpea","rip",500,"none","chicken_compost","5","none","NA","none","NA","surface","30.357142857142854","1.2190476190476189","3.7565476190476188",NA,"Ripped + OM",NA,50,"surface","Cl.surface","Rip.50_Cl.surface",0,0,2,1,"0",NA,2019,-34.64,143.56,0,2019-05-09,2019-12-02,NA,"Kooloonong_chickpea_2019","BALRANALD (RSL)_049002",117.725,"decile 1","deep ripping > 40cm amendment","deep ripping","green","green","red","323.1","049002"
"Kooloonong_lentil",2019,NA,1,"lentil","rip",500,"none","chicken_compost","5","none","NA","none","NA","surface","93.75","0.5714285714285714","1.6928571428571428",NA,"Ripped + OM",NA,50,"surface","Cl.surface","Rip.50_Cl.surface",0,0,2,1,"0",NA,2019,-34.64,143.56,0,2019-05-09,2019-12-02,NA,"Kooloonong_lentil_2019","BALRANALD (RSL)_049002",117.725,"decile 1","deep ripping > 40cm amendment","deep ripping","green","green","red","323.1","049002"
"Kooloonong_lentil",2019,NA,1,"lentil","rip",500,"none","none","NA","none","NA","none","NA","NA","93.75","0.66071428571428581","2.2291666666666665",NA,"Ripped No OM",NA,50,NA,"none","Rip.50_none",0,0,2,1,"0",NA,2019,-34.64,143.56,0,2019-05-09,2019-12-02,NA,"Kooloonong_lentil_2019","BALRANALD (RSL)_049002",117.725,"decile 1","deep ripping > 40cm no amendment","deep ripping","green","green","red","323.1","049002"
"Kooloonong_lentil",2019,NA,2,"lentil","rip",500,"none","chicken_compost","5","none","NA","none","NA","surface","75.892857142857139","0.46607142857142858","1.4672619047619047",NA,"Ripped + OM",NA,50,"surface","Cl.surface","Rip.50_Cl.surface",0,0,2,1,"0",NA,2019,-34.64,143.56,0,2019-05-09,2019-12-02,NA,"Kooloonong_lentil_2019","BALRANALD (RSL)_049002",117.725,"decile 1","deep ripping > 40cm amendment","deep ripping","green","green","red","323.1","049002"
"Kooloonong_lentil",2019,NA,2,"lentil","rip",500,"none","none","NA","none","NA","none","NA","NA","98.214285714285708","0.78035714285714275","2.3565476190476189",NA,"Ripped No OM",NA,50,NA,"none","Rip.50_none",0,0,2,1,"0",NA,2019,-34.64,143.56,0,2019-05-09,2019-12-02,NA,"Kooloonong_lentil_2019","BALRANALD (RSL)_049002",117.725,"decile 1","deep ripping > 40cm no amendment","deep ripping","green","green","red","323.1","049002"
"Kooloonong_lentil",2019,NA,3,"lentil","rip",500,"none","none","NA","none","NA","none","NA","NA","84.821428571428569","0.37202380952380953","1.2952380952380951",NA,"Ripped No OM",NA,50,NA,"none","Rip.50_none",0,0,2,1,"0",NA,2019,-34.64,143.56,0,2019-05-09,2019-12-02,NA,"Kooloonong_lentil_2019","BALRANALD (RSL)_049002",117.725,"decile 1","deep ripping > 40cm no amendment","deep ripping","green","green","red","323.1","049002"
"Kooloonong_lentil",2019,NA,3,"lentil","rip",500,"none","chicken_compost","5","none","NA","none","NA","surface","117.85714285714285","0.66785714285714304","1.8095238095238091",NA,"Ripped + OM",NA,50,"surface","Cl.surface","Rip.50_Cl.surface",0,0,2,1,"0",NA,2019,-34.64,143.56,0,2019-05-09,2019-12-02,NA,"Kooloonong_lentil_2019","BALRANALD (RSL)_049002",117.725,"decile 1","deep ripping > 40cm amendment","deep ripping","green","green","red","323.1","049002"
"Kooloonong_lentil",2019,NA,4,"lentil","rip",500,"none","none","NA","none","NA","none","NA","NA","79.464285714285708","0.25714285714285712","1.4511904761904759",NA,"Ripped No OM",NA,50,NA,"none","Rip.50_none",0,0,2,1,"0",NA,2019,-34.64,143.56,0,2019-05-09,2019-12-02,NA,"Kooloonong_lentil_2019","BALRANALD (RSL)_049002",117.725,"decile 1","deep ripping > 40cm no amendment","deep ripping","green","green","red","323.1","049002"
"Kooloonong_lentil",2019,NA,4,"lentil","rip",500,"none","chicken_compost","5","none","NA","none","NA","surface","84.821428571428569","0.20833333333333331","1.1505952380952378",NA,"Ripped + OM",NA,50,"surface","Cl.surface","Rip.50_Cl.surface",0,0,2,1,"0",NA,2019,-34.64,143.56,0,2019-05-09,2019-12-02,NA,"Kooloonong_lentil_2019","BALRANALD (RSL)_049002",117.725,"decile 1","deep ripping > 40cm amendment","deep ripping","green","green","red","323.1","049002"
"Kooloonong_lupin",2019,NA,1,"lupin","rip",500,"none","chicken_compost","5","none","NA","none","NA","surface","25.892857142857142","2.138095238095238","6.0529761904761887",NA,"Ripped + OM",NA,50,"surface","Cl.surface","Rip.50_Cl.surface",0,0,2,1,"0",NA,2019,-34.64,143.56,0,2019-05-09,2019-12-02,NA,"Kooloonong_lupin_2019","BALRANALD (RSL)_049002",117.725,"decile 1","deep ripping > 40cm amendment","deep ripping","green","green","red","323.1","049002"
"Kooloonong_lupin",2019,NA,1,"lupin","rip",500,"none","none","NA","none","NA","none","NA","NA","20.535714285714285","2.2160714285714285","7.8208333333333311",NA,"Ripped No OM",NA,50,NA,"none","Rip.50_none",0,0,2,1,"0",NA,2019,-34.64,143.56,0,2019-05-09,2019-12-02,NA,"Kooloonong_lupin_2019","BALRANALD (RSL)_049002",117.725,"decile 1","deep ripping > 40cm no amendment","deep ripping","green","green","red","323.1","049002"
"Kooloonong_lupin",2019,NA,2,"lupin","rip",500,"none","none","NA","none","NA","none","NA","NA","14.285714285714285","2.0220238095238092","3.7619047619047614",NA,"Ripped No OM",NA,50,NA,"none","Rip.50_none",0,0,2,1,"0",NA,2019,-34.64,143.56,0,2019-05-09,2019-12-02,NA,"Kooloonong_lupin_2019","BALRANALD (RSL)_049002",117.725,"decile 1","deep ripping > 40cm no amendment","deep ripping","green","green","red","323.1","049002"
"Kooloonong_lupin",2019,NA,2,"lupin","rip",500,"none","chicken_compost","5","none","NA","none","NA","surface","18.75","1.7940476190476189","7.1434523809523798",NA,"Ripped + OM",NA,50,"surface","Cl.surface","Rip.50_Cl.surface",0,0,2,1,"0",NA,2019,-34.64,143.56,0,2019-05-09,2019-12-02,NA,"Kooloonong_lupin_2019","BALRANALD (RSL)_049002",117.725,"decile 1","deep ripping > 40cm amendment","deep ripping","green","green","red","323.1","049002"
"Kooloonong_lupin",2019,NA,3,"lupin","rip",500,"none","chicken_compost","5","none","NA","none","NA","surface","18.75","1.8928571428571428","3.7488095238095238",NA,"Ripped + OM",NA,50,"surface","Cl.surface","Rip.50_Cl.surface",0,0,2,1,"0",NA,2019,-34.64,143.56,0,2019-05-09,2019-12-02,NA,"Kooloonong_lupin_2019","BALRANALD (RSL)_049002",117.725,"decile 1","deep ripping > 40cm amendment","deep ripping","green","green","red","323.1","049002"
"Kooloonong_lupin",2019,NA,3,"lupin","rip",500,"none","none","NA","none","NA","none","NA","NA","17.857142857142854","2.1946428571428567","5.7607142857142852",NA,"Ripped No OM",NA,50,NA,"none","Rip.50_none",0,0,2,1,"0",NA,2019,-34.64,143.56,0,2019-05-09,2019-12-02,NA,"Kooloonong_lupin_2019","BALRANALD (RSL)_049002",117.725,"decile 1","deep ripping > 40cm no amendment","deep ripping","green","green","red","323.1","049002"
"Kooloonong_lupin",2019,NA,4,"lupin","rip",500,"none","none","NA","none","NA","none","NA","NA","18.75","2.3297619047619045","5.4369047619047617",NA,"Ripped No OM",NA,50,NA,"none","Rip.50_none",0,0,2,1,"0",NA,2019,-34.64,143.56,0,2019-05-09,2019-12-02,NA,"Kooloonong_lupin_2019","BALRANALD (RSL)_049002",117.725,"decile 1","deep ripping > 40cm no amendment","deep ripping","green","green","red","323.1","049002"
"Kooloonong_lupin",2019,NA,4,"lupin","rip",500,"none","chicken_compost","5","none","NA","none","NA","surface","16.071428571428569","2.2130952380952382","6.548214285714284",NA,"Ripped + OM",NA,50,"surface","Cl.surface","Rip.50_Cl.surface",0,0,2,1,"0",NA,2019,-34.64,143.56,0,2019-05-09,2019-12-02,NA,"Kooloonong_lupin_2019","BALRANALD (RSL)_049002",117.725,"decile 1","deep ripping > 40cm amendment","deep ripping","green","green","red","323.1","049002"
"Tempy",2019,NA,1,"barley","rip",500,"none","none","NA","none","NA","none","NA","NA","83.482142857142861","2.3724489795918364","7.0547619047619046",NA,"Deep rip",NA,50,NA,"none","Rip.50_none",1,0,2,1,"0",NA,2019,-35.07,142.31,0,2019-05-22,2019-12-20,NA,"Tempy_2019","OUYEN (POST OFFICE)_076047",149.3,"decile 2","deep ripping > 40cm no amendment","deep ripping","orange","green","red","328.4","076047"
"Tempy",2019,NA,2,"barley","rip",500,"none","none","NA","none","NA","none","NA","NA","75.446428571428569","2.3341836734693882","6.4095238095238081",NA,"Deep rip",NA,50,NA,"none","Rip.50_none",1,0,2,1,"0",NA,2019,-35.07,142.31,0,2019-05-22,2019-12-20,NA,"Tempy_2019","OUYEN (POST OFFICE)_076047",149.3,"decile 2","deep ripping > 40cm no amendment","deep ripping","orange","green","red","328.4","076047"
"Tempy",2019,NA,3,"barley","rip",500,"none","none","NA","none","NA","none","NA","NA","99.553571428571431","2.9039115646258504","6.9178571428571427",NA,"Deep rip",NA,50,NA,"none","Rip.50_none",1,0,2,1,"0",NA,2019,-35.07,142.31,0,2019-05-22,2019-12-20,NA,"Tempy_2019","OUYEN (POST OFFICE)_076047",149.3,"decile 2","deep ripping > 40cm no amendment","deep ripping","orange","green","red","328.4","076047"
"Tempy",2019,NA,4,"barley","rip",500,"none","none","NA","none","NA","none","NA","NA","90.178571428571431","1.6454081632653061","5.201190476190475",NA,"Deep rip",NA,50,NA,"none","Rip.50_none",1,0,2,1,"0",NA,2019,-35.07,142.31,0,2019-05-22,2019-12-20,NA,"Tempy_2019","OUYEN (POST OFFICE)_076047",149.3,"decile 2","deep ripping > 40cm no amendment","deep ripping","orange","green","red","328.4","076047"
"Tempy",2019,NA,1,"barley","rip",500,"none","chicken_compost","5","none","NA","none","NA","deep","106.69642857142857","2.8018707482993199","7.2196428571428566",NA,"Deep rip + Injected OM",NA,50,"deep","Cl.deep","Rip.50_Cl.deep",1,0,2,1,"0",NA,2019,-35.07,142.31,0,2019-05-22,2019-12-20,NA,"Tempy_2019","OUYEN (POST OFFICE)_076047",149.3,"decile 2","deep ripping > 40cm amendment","deep ripping","orange","green","red","328.4","076047"
"Tempy",2019,NA,2,"barley","rip",500,"none","chicken_compost","5","none","NA","none","NA","deep","95.089285714285708","3.1717687074829932","8.3797619047619047",NA,"Deep rip + Injected OM",NA,50,"deep","Cl.deep","Rip.50_Cl.deep",1,0,2,1,"0",NA,2019,-35.07,142.31,0,2019-05-22,2019-12-20,NA,"Tempy_2019","OUYEN (POST OFFICE)_076047",149.3,"decile 2","deep ripping > 40cm amendment","deep ripping","orange","green","red","328.4","076047"
"Tempy",2019,NA,3,"barley","rip",500,"none","chicken_compost","5","none","NA","none","NA","deep","106.25","2.5680272108843538","6.451190476190475",NA,"Deep rip + Injected OM",NA,50,"deep","Cl.deep","Rip.50_Cl.deep",1,0,2,1,"0",NA,2019,-35.07,142.31,0,2019-05-22,2019-12-20,NA,"Tempy_2019","OUYEN (POST OFFICE)_076047",149.3,"decile 2","deep ripping > 40cm amendment","deep ripping","orange","green","red","328.4","076047"
"Tempy",2019,NA,4,"barley","rip",500,"none","chicken_compost","5","none","NA","none","NA","deep","92.857142857142861","1.454081632653061","5.9547619047619049",NA,"Deep rip + Injected OM",NA,50,"deep","Cl.deep","Rip.50_Cl.deep",1,0,2,1,"0",NA,2019,-35.07,142.31,0,2019-05-22,2019-12-20,NA,"Tempy_2019","OUYEN (POST OFFICE)_076047",149.3,"decile 2","deep ripping > 40cm amendment","deep ripping","orange","green","red","328.4","076047"
"Wynarka",2019,NA,1,"barley","rip",300,"none","none","NA","none","NA","none","NA","NA","89.583333333333329","2.7182539682539679","6.2851190476190473",NA,"Rip 300",NA,30,NA,"none","Rip.30_none",2,0,2,1,"0",NA,2019,-35.09,139.9,0,2019-06-04,2019-11-19,NA,"Wynarka_2019","KAROONDA_025006",201.85,"decile 3","deep ripping < 40cm no amendment","deep ripping","red","green","red","340.4","025006"
"Wynarka",2019,NA,2,"barley","rip",300,"none","none","NA","none","NA","none","NA","NA","90.178571428571431","3.0886243386243386","6.8089285714285719",NA,"Rip 300",NA,30,NA,"none","Rip.30_none",2,0,2,1,"0",NA,2019,-35.09,139.9,0,2019-06-04,2019-11-19,NA,"Wynarka_2019","KAROONDA_025006",201.85,"decile 3","deep ripping < 40cm no amendment","deep ripping","red","green","red","340.4","025006"
"Wynarka",2019,NA,3,"barley","rip",300,"none","none","NA","none","NA","none","NA","NA","86.904761904761898","2.9596560846560842","8.6684523809523792",NA,"Rip 300",NA,30,NA,"none","Rip.30_none",2,0,2,1,"0",NA,2019,-35.09,139.9,0,2019-06-04,2019-11-19,NA,"Wynarka_2019","KAROONDA_025006",201.85,"decile 3","deep ripping < 40cm no amendment","deep ripping","red","green","red","340.4","025006"
"Wynarka",2019,NA,4,"barley","rip",300,"none","none","NA","none","NA","none","NA","NA","91.369047619047606","2.5562169312169312","6.8767857142857141",NA,"Rip 300",NA,30,NA,"none","Rip.30_none",2,0,2,1,"0",NA,2019,-35.09,139.9,0,2019-06-04,2019-11-19,NA,"Wynarka_2019","KAROONDA_025006",201.85,"decile 3","deep ripping < 40cm no amendment","deep ripping","red","green","red","340.4","025006"
"Wynarka",2019,NA,1,"barley","rip",600,"none","none","NA","none","NA","none","NA","NA","89.285714285714292","2.9728835978835981","6.3119047619047617",NA,"Rip 600",NA,60,NA,"none","Rip.60_none",2,0,2,1,"0",NA,2019,-35.09,139.9,0,2019-06-04,2019-11-19,NA,"Wynarka_2019","KAROONDA_025006",201.85,"decile 3","deep ripping > 40cm no amendment","deep ripping","red","green","red","340.4","025006"
"Wynarka",2019,NA,2,"barley","rip",600,"none","none","NA","none","NA","none","NA","NA","79.166666666666671","3.072089947089947","7.7101190476190462",NA,"Rip 600",NA,60,NA,"none","Rip.60_none",2,0,2,1,"0",NA,2019,-35.09,139.9,0,2019-06-04,2019-11-19,NA,"Wynarka_2019","KAROONDA_025006",201.85,"decile 3","deep ripping > 40cm no amendment","deep ripping","red","green","red","340.4","025006"
"Wynarka",2019,NA,3,"barley","rip",600,"none","none","NA","none","NA","none","NA","NA","77.380952380952394","2.9662698412698418","8.9214285714285708",NA,"Rip 600",NA,60,NA,"none","Rip.60_none",2,0,2,1,"0",NA,2019,-35.09,139.9,0,2019-06-04,2019-11-19,NA,"Wynarka_2019","KAROONDA_025006",201.85,"decile 3","deep ripping > 40cm no amendment","deep ripping","red","green","red","340.4","025006"
"Wynarka",2019,NA,4,"barley","rip",600,"none","none","NA","none","NA","none","NA","NA","61.30952380952381","3.0952380952380949","8.5369047619047613",NA,"Rip 600",NA,60,NA,"none","Rip.60_none",2,0,2,1,"0",NA,2019,-35.09,139.9,0,2019-06-04,2019-11-19,NA,"Wynarka_2019","KAROONDA_025006",201.85,"decile 3","deep ripping > 40cm no amendment","deep ripping","red","green","red","340.4","025006"
"Malinong",2019,4,1,"barley","rip",300,"none","none","NA","none","NA","none","NA","NA","129.16666666666669","3.0671296296296298","NA",NA,"Rip30",NA,30,NA,"none","Rip.30_none",2,2,2,0,"0",2019-05-02,2019,-35.52,139.51,0,2019-05-15,2019-11-26,"wheat","Malinong_2019","COOMANDOOK (MALINONG)_025508",317.55,"decile 5","deep ripping < 40cm no amendment","deep ripping","red","red","red","458.3","025508"
"Malinong",2019,5,1,"barley","rip",400,"none","none","NA","none","NA","none","NA","NA","120","3.1828703703703702","NA",NA,"Rip 40",NA,40,NA,"none","Rip.40_none",2,2,2,0,"0",2019-05-02,2019,-35.52,139.51,0,2019-05-15,2019-11-26,"wheat","Malinong_2019","COOMANDOOK (MALINONG)_025508",317.55,"decile 5","deep ripping < 40cm no amendment","deep ripping","red","red","red","458.3","025508"
"Malinong",2019,7,2,"barley","rip",400,"none","none","NA","none","NA","none","NA","NA","150","2.7777777777777777","NA",NA,"Rip 40",NA,40,NA,"none","Rip.40_none",2,2,2,0,"0",2019-05-02,2019,-35.52,139.51,0,2019-05-15,2019-11-26,"wheat","Malinong_2019","COOMANDOOK (MALINONG)_025508",317.55,"decile 5","deep ripping < 40cm no amendment","deep ripping","red","red","red","458.3","025508"
"Malinong",2019,10,2,"barley","rip",300,"none","none","NA","none","NA","none","NA","NA","107.5","3.4722222222222223","NA",NA,"Rip30",NA,30,NA,"none","Rip.30_none",2,2,2,0,"0",2019-05-02,2019,-35.52,139.51,0,2019-05-15,2019-11-26,"wheat","Malinong_2019","COOMANDOOK (MALINONG)_025508",317.55,"decile 5","deep ripping < 40cm no amendment","deep ripping","red","red","red","458.3","025508"
"Malinong",2019,12,3,"barley","rip",400,"none","none","NA","none","NA","none","NA","NA","125","3.125","NA",NA,"Rip 40",NA,40,NA,"none","Rip.40_none",2,2,2,0,"0",2019-05-02,2019,-35.52,139.51,0,2019-05-15,2019-11-26,"wheat","Malinong_2019","COOMANDOOK (MALINONG)_025508",317.55,"decile 5","deep ripping < 40cm no amendment","deep ripping","red","red","red","458.3","025508"
"Malinong",2019,14,3,"barley","rip",300,"none","none","NA","none","NA","none","NA","NA","96.666666666666671","3.125","NA",NA,"Rip30",NA,30,NA,"none","Rip.30_none",2,2,2,0,"0",2019-05-02,2019,-35.52,139.51,0,2019-05-15,2019-11-26,"wheat","Malinong_2019","COOMANDOOK (MALINONG)_025508",317.55,"decile 5","deep ripping < 40cm no amendment","deep ripping","red","red","red","458.3","025508"
"Sherwood",2019,2,1,"wheat","rip",300,"none","none","NA","none","NA","none","NA","NA","148.33333333333334","1.0434782608695652","NA",NA,"Ripped",NA,30,NA,"none","Rip.30_none",0,0,2,1,"0",2019-05-07,2019,-36.1,140.36,0,2019-05-21,2019-12-11,"wheat","Sherwood_2019","KEITH_025507",308.025,"decile 3","deep ripping < 40cm no amendment","deep ripping","green","green","red","459.7","025507"
"Sherwood",2019,10,2,"wheat","rip",300,"none","none","NA","none","NA","none","NA","NA","125","0.69782608695652171","NA",NA,"Ripped",NA,30,NA,"none","Rip.30_none",0,0,2,1,"0",2019-05-07,2019,-36.1,140.36,0,2019-05-21,2019-12-11,"wheat","Sherwood_2019","KEITH_025507",308.025,"decile 3","deep ripping < 40cm no amendment","deep ripping","green","green","red","459.7","025507"
"Sherwood",2019,14,3,"wheat","rip",300,"none","none","NA","none","NA","none","NA","NA","151.66666666666669","0.86739130434782608","NA",NA,"Ripped",NA,30,NA,"none","Rip.30_none",0,0,2,1,"0",2019-05-07,2019,-36.1,140.36,0,2019-05-21,2019-12-11,"wheat","Sherwood_2019","KEITH_025507",308.025,"decile 3","deep ripping < 40cm no amendment","deep ripping","green","green","red","459.7","025507"
"Cummins",2019,3,1,"wheat","rip",300,"none","none","NA","none","NA","none","NA","NA","196.66666666666666","4.1666666666664955","NA",NA,"RIP",NA,30,NA,"none","Rip.30_none",0,1,2,1,"1",2019-03-21,2019,-34.26,135.73,0,2019-05-22,NA,"lentil","Cummins_2019","CUMMINS_018023",311.775,"decile 4","deep ripping < 40cm no amendment","deep ripping","green","orange","red","422.5","018023"
"Cummins",2019,8,2,"wheat","rip",300,"none","none","NA","none","NA","none","NA","NA","187.77777777777777","4.1666666666664955","NA",NA,"RIP",NA,30,NA,"none","Rip.30_none",0,1,2,1,"1",2019-03-21,2019,-34.26,135.73,0,2019-05-22,NA,"lentil","Cummins_2019","CUMMINS_018023",311.775,"decile 4","deep ripping < 40cm no amendment","deep ripping","green","orange","red","422.5","018023"
"Cummins",2019,12,3,"wheat","rip",300,"none","none","NA","none","NA","none","NA","NA","142.22222222222223","4.6296296296296955","NA",NA,"RIP",NA,30,NA,"none","Rip.30_none",0,1,2,1,"1",2019-03-21,2019,-34.26,135.73,0,2019-05-22,NA,"lentil","Cummins_2019","CUMMINS_018023",311.775,"decile 4","deep ripping < 40cm no amendment","deep ripping","green","orange","red","422.5","018023"
"Karkoo",2019,1,1,"wheat","rip",400,"none","none","NA","none","NA","none","NA","NA","125.83333333333333","4.4907407407407405","10.966666666666667","clay spreading pre trial","CLAY+RIP",NA,40,NA,"none","Rip.40_none",0,0,1,1,"0",2019-03-20,2019,-34.13,135.73,0,2019-05-02,NA,"canola","Karkoo_2019","YEELANNA_018099",353.45,"decile 6","deep ripping < 40cm no amendment","deep ripping","green","green","orange","408.3","018099"
"Karkoo",2019,5,2,"wheat","rip",400,"none","none","NA","none","NA","none","NA","NA","125.83333333333333","4.4444444444444446","10.883333333333333","clay spreading pre trial","CLAY+RIP",NA,40,NA,"none","Rip.40_none",0,0,1,1,"0",2019-03-20,2019,-34.13,135.73,0,2019-05-02,NA,"canola","Karkoo_2019","YEELANNA_018099",353.45,"decile 6","deep ripping < 40cm no amendment","deep ripping","green","green","orange","408.3","018099"
"Karkoo",2019,11,3,"wheat","rip",400,"none","none","NA","none","NA","none","NA","NA","113.33333333333333","4.1203703703703738","10.666666666666668","clay spreading pre trial","CLAY+RIP",NA,40,NA,"none","Rip.40_none",0,0,1,1,"0",2019-03-20,2019,-34.13,135.73,0,2019-05-02,NA,"canola","Karkoo_2019","YEELANNA_018099",353.45,"decile 6","deep ripping < 40cm no amendment","deep ripping","green","green","orange","408.3","018099"
"Buckleboo",2019,3,1,"wheat","rip",350,"none","none","NA","none","NA","none","NA","NA","153.33333333333334","1.742737","5.2561499999999999",NA,"RIP35",NA,35,NA,"none","Rip.35_none",0,0,2,1,"0",2019-03-14,2019,-33.14,136.41,0,2019-05-12,NA,"lentil","Buckleboo_2019","KIMBA_018040",136.3,"decile 1","deep ripping < 40cm no amendment","deep ripping","green","green","red","346.2","018040"
"Buckleboo",2019,13,2,"wheat","rip",350,"none","none","NA","none","NA","none","NA","NA","134.66666666666666","1.9559310000000001","5.7643449999999996",NA,"RIP35",NA,35,NA,"none","Rip.35_none",0,0,2,1,"0",2019-03-14,2019,-33.14,136.41,0,2019-05-12,NA,"lentil","Buckleboo_2019","KIMBA_018040",136.3,"decile 1","deep ripping < 40cm no amendment","deep ripping","green","green","red","346.2","018040"
"Buckleboo",2019,19,3,"wheat","rip",350,"none","none","NA","none","NA","none","NA","NA","153","1.8195859999999999","6.0959950000000012",NA,"RIP35",NA,35,NA,"none","Rip.35_none",0,0,2,1,"0",2019-03-14,2019,-33.14,136.41,0,2019-05-12,NA,"lentil","Buckleboo_2019","KIMBA_018040",136.3,"decile 1","deep ripping < 40cm no amendment","deep ripping","green","green","red","346.2","018040"
"Buckleboo",2019,5,1,"wheat","rip",450,"none","none","NA","none","NA","none","NA","NA","144","1.903872","6.289625",NA,"RIP45",NA,45,NA,"none","Rip.45_none",0,0,2,1,"0",2019-03-14,2019,-33.14,136.41,0,2019-05-12,NA,"lentil","Buckleboo_2019","KIMBA_018040",136.3,"decile 1","deep ripping > 40cm no amendment","deep ripping","green","green","red","346.2","018040"
"Buckleboo",2019,12,2,"wheat","rip",450,"none","none","NA","none","NA","none","NA","NA","108.66666666666667","1.9832000000000001","6.5626499999999997",NA,"RIP45",NA,45,NA,"none","Rip.45_none",0,0,2,1,"0",2019-03-14,2019,-33.14,136.41,0,2019-05-12,NA,"lentil","Buckleboo_2019","KIMBA_018040",136.3,"decile 1","deep ripping > 40cm no amendment","deep ripping","green","green","red","346.2","018040"
"Buckleboo",2019,17,3,"wheat","rip",450,"none","none","NA","none","NA","none","NA","NA","143.33333333333334","1.973284","7.5220899999999986",NA,"RIP45",NA,45,NA,"none","Rip.45_none",0,0,2,1,"0",2019-03-14,2019,-33.14,136.41,0,2019-05-12,NA,"lentil","Buckleboo_2019","KIMBA_018040",136.3,"decile 1","deep ripping > 40cm no amendment","deep ripping","green","green","red","346.2","018040"
"Kybunga",2019,NA,1,"wheat","rip",300,"none","none","NA","none","NA","none","NA","NA","NA","4.5757575757575761","NA",NA,"Shallow_rip",NA,30,NA,"none","Rip.30_none",1,0,2,0,"0",2019-05-13,2019,-33.84,138.61,0,2019-05-15,2019-11-17,"lupin","Kybunga_2019","CLARE POST OFFICE_021014",337.2,"decile 1","deep ripping < 40cm no amendment","deep ripping","orange","green","red","633.7","021014"
"Kybunga",2019,NA,2,"wheat","rip",300,"none","none","NA","none","NA","none","NA","NA","NA","5.2525252525252526","NA",NA,"Shallow_rip",NA,30,NA,"none","Rip.30_none",1,0,2,0,"0",2019-05-13,2019,-33.84,138.61,0,2019-05-15,2019-11-17,"lupin","Kybunga_2019","CLARE POST OFFICE_021014",337.2,"decile 1","deep ripping < 40cm no amendment","deep ripping","orange","green","red","633.7","021014"
"Kybunga",2019,NA,3,"wheat","rip",300,"none","none","NA","none","NA","none","NA","NA","NA","5.4074074074074066","NA",NA,"Shallow_rip",NA,30,NA,"none","Rip.30_none",1,0,2,0,"0",2019-05-13,2019,-33.84,138.61,0,2019-05-15,2019-11-17,"lupin","Kybunga_2019","CLARE POST OFFICE_021014",337.2,"decile 1","deep ripping < 40cm no amendment","deep ripping","orange","green","red","633.7","021014"
"Kybunga",2019,NA,4,"wheat","rip",300,"none","none","NA","none","NA","none","NA","NA","NA","5.0303030303030312","NA",NA,"Shallow_rip",NA,30,NA,"none","Rip.30_none",1,0,2,0,"0",2019-05-13,2019,-33.84,138.61,0,2019-05-15,2019-11-17,"lupin","Kybunga_2019","CLARE POST OFFICE_021014",337.2,"decile 1","deep ripping < 40cm no amendment","deep ripping","orange","green","red","633.7","021014"
"Kybunga",2019,NA,1,"wheat","rip",500,"none","none","NA","none","NA","none","NA","NA","NA","5.3872053872053876","NA",NA,"Deep_rip",NA,50,NA,"none","Rip.50_none",1,0,2,0,"0",2019-05-13,2019,-33.84,138.61,0,2019-05-15,2019-11-17,"lupin","Kybunga_2019","CLARE POST OFFICE_021014",337.2,"decile 1","deep ripping > 40cm no amendment","deep ripping","orange","green","red","633.7","021014"
"Kybunga",2019,NA,2,"wheat","rip",500,"none","none","NA","none","NA","none","NA","NA","NA","5.2962962962962967","NA",NA,"Deep_rip",NA,50,NA,"none","Rip.50_none",1,0,2,0,"0",2019-05-13,2019,-33.84,138.61,0,2019-05-15,2019-11-17,"lupin","Kybunga_2019","CLARE POST OFFICE_021014",337.2,"decile 1","deep ripping > 40cm no amendment","deep ripping","orange","green","red","633.7","021014"
"Kybunga",2019,NA,3,"wheat","rip",500,"none","none","NA","none","NA","none","NA","NA","NA","5.4915824915824913","NA",NA,"Deep_rip",NA,50,NA,"none","Rip.50_none",1,0,2,0,"0",2019-05-13,2019,-33.84,138.61,0,2019-05-15,2019-11-17,"lupin","Kybunga_2019","CLARE POST OFFICE_021014",337.2,"decile 1","deep ripping > 40cm no amendment","deep ripping","orange","green","red","633.7","021014"
"Kybunga",2019,NA,4,"wheat","rip",500,"none","none","NA","none","NA","none","NA","NA","NA","5.5016835016835017","NA",NA,"Deep_rip",NA,50,NA,"none","Rip.50_none",1,0,2,0,"0",2019-05-13,2019,-33.84,138.61,0,2019-05-15,2019-11-17,"lupin","Kybunga_2019","CLARE POST OFFICE_021014",337.2,"decile 1","deep ripping > 40cm no amendment","deep ripping","orange","green","red","633.7","021014"
"Kybunga",2019,NA,1,"wheat","rip",500,"none","chicken_manure","7.5","none","NA","none","NA","surface","NA","6.2154882154882163","NA",NA,"Deep_rip + OM",NA,50,"surface","Cl.surface","Rip.50_Cl.surface",1,0,2,0,"0",2019-05-13,2019,-33.84,138.61,0,2019-05-15,2019-11-17,"lupin","Kybunga_2019","CLARE POST OFFICE_021014",337.2,"decile 1","deep ripping > 40cm amendment","deep ripping","orange","green","red","633.7","021014"
"Kybunga",2019,NA,2,"wheat","rip",500,"none","chicken_manure","7.5","none","NA","none","NA","surface","NA","6.2323232323232336","NA",NA,"Deep_rip + OM",NA,50,"surface","Cl.surface","Rip.50_Cl.surface",1,0,2,0,"0",2019-05-13,2019,-33.84,138.61,0,2019-05-15,2019-11-17,"lupin","Kybunga_2019","CLARE POST OFFICE_021014",337.2,"decile 1","deep ripping > 40cm amendment","deep ripping","orange","green","red","633.7","021014"
"Kybunga",2019,NA,3,"wheat","rip",500,"none","chicken_manure","7.5","none","NA","none","NA","surface","NA","6.0370370370370372","NA",NA,"Deep_rip + OM",NA,50,"surface","Cl.surface","Rip.50_Cl.surface",1,0,2,0,"0",2019-05-13,2019,-33.84,138.61,0,2019-05-15,2019-11-17,"lupin","Kybunga_2019","CLARE POST OFFICE_021014",337.2,"decile 1","deep ripping > 40cm amendment","deep ripping","orange","green","red","633.7","021014"
"Kybunga",2019,NA,4,"wheat","rip",500,"none","chicken_manure","7.5","none","NA","none","NA","surface","NA","5.595959595959596","NA",NA,"Deep_rip + OM",NA,50,"surface","Cl.surface","Rip.50_Cl.surface",1,0,2,0,"0",2019-05-13,2019,-33.84,138.61,0,2019-05-15,2019-11-17,"lupin","Kybunga_2019","CLARE POST OFFICE_021014",337.2,"decile 1","deep ripping > 40cm amendment","deep ripping","orange","green","red","633.7","021014"
"Warnertown",2019,NA,1,"barley","rip",500,"none","none","NA","none","NA","none","NA","NA","NA","3.5626666666666669","NA",NA,"Rip50",NA,50,NA,"none","Rip.50_none",1,0,2,0,"0",2019-04-11,2019,-33.35,138.1,0,2019-05-14,2019-11-02,"wheat","Warnertown_2019","NUROM (RIVERSIDE FARM)_021102",211.3,"decile 3","deep ripping > 40cm no amendment","deep ripping","orange","green","red","374.8","021102"
"Warnertown",2019,NA,1,"barley","rip",300,"none","none","NA","none","NA","none","NA","NA","NA","3.476","NA",NA,"Rip30",NA,30,NA,"none","Rip.30_none",1,0,2,0,"0",2019-04-11,2019,-33.35,138.1,0,2019-05-14,2019-11-02,"wheat","Warnertown_2019","NUROM (RIVERSIDE FARM)_021102",211.3,"decile 3","deep ripping < 40cm no amendment","deep ripping","orange","green","red","374.8","021102"
"Warnertown",2019,NA,2,"barley","rip",300,"none","none","NA","none","NA","none","NA","NA","NA","3.5933333333333333","NA",NA,"Rip30",NA,30,NA,"none","Rip.30_none",1,0,2,0,"0",2019-04-11,2019,-33.35,138.1,0,2019-05-14,2019-11-02,"wheat","Warnertown_2019","NUROM (RIVERSIDE FARM)_021102",211.3,"decile 3","deep ripping < 40cm no amendment","deep ripping","orange","green","red","374.8","021102"
"Warnertown",2019,NA,2,"barley","rip",500,"none","none","NA","none","NA","none","NA","NA","NA","3.9986666666666668","NA",NA,"Rip50",NA,50,NA,"none","Rip.50_none",1,0,2,0,"0",2019-04-11,2019,-33.35,138.1,0,2019-05-14,2019-11-02,"wheat","Warnertown_2019","NUROM (RIVERSIDE FARM)_021102",211.3,"decile 3","deep ripping > 40cm no amendment","deep ripping","orange","green","red","374.8","021102"
"Warnertown",2019,NA,3,"barley","rip",300,"none","none","NA","none","NA","none","NA","NA","NA","3.758666666666667","NA",NA,"Rip30",NA,30,NA,"none","Rip.30_none",1,0,2,0,"0",2019-04-11,2019,-33.35,138.1,0,2019-05-14,2019-11-02,"wheat","Warnertown_2019","NUROM (RIVERSIDE FARM)_021102",211.3,"decile 3","deep ripping < 40cm no amendment","deep ripping","orange","green","red","374.8","021102"
"Warnertown",2019,NA,3,"barley","rip",500,"none","none","NA","none","NA","none","NA","NA","NA","3.9","NA",NA,"Rip50",NA,50,NA,"none","Rip.50_none",1,0,2,0,"0",2019-04-11,2019,-33.35,138.1,0,2019-05-14,2019-11-02,"wheat","Warnertown_2019","NUROM (RIVERSIDE FARM)_021102",211.3,"decile 3","deep ripping > 40cm no amendment","deep ripping","orange","green","red","374.8","021102"
"Kooloonong_chickpea",2020,NA,1,"barley","rip",500,"none","chicken_compost","5","none","NA","none","NA","surface","125","2.98618421052632","8.1821428571428569",NA,"Ripped + OM",NA,50,"surface","Cl.surface","Rip.50_Cl.surface",0,0,2,1,"0",NA,2019,-34.64,143.56,1,2020-04-20,2020-10-10,"lupin/ lentil/ chickpea","Kooloonong_chickpea_2020","BALRANALD (RSL)_049002",301.275,"decile 9","deep ripping > 40cm amendment","deep ripping","green","green","red","323.1","049002"
"Kooloonong_chickpea",2020,NA,1,"barley","rip",500,"none","none","NA","none","NA","none","NA","NA","100","3.76973684210526","9.321428571428573",NA,"Ripped No OM",NA,50,NA,"none","Rip.50_none",0,0,2,1,"0",NA,2019,-34.64,143.56,1,2020-04-20,2020-10-10,"lupin/ lentil/ chickpea","Kooloonong_chickpea_2020","BALRANALD (RSL)_049002",301.275,"decile 9","deep ripping > 40cm no amendment","deep ripping","green","green","red","323.1","049002"
"Kooloonong_chickpea",2020,NA,2,"barley","rip",500,"none","chicken_compost","5","none","NA","none","NA","surface","97.368421052631575","3.42993421052632","8.6214285714285719",NA,"Ripped + OM",NA,50,"surface","Cl.surface","Rip.50_Cl.surface",0,0,2,1,"0",NA,2019,-34.64,143.56,1,2020-04-20,2020-10-10,"lupin/ lentil/ chickpea","Kooloonong_chickpea_2020","BALRANALD (RSL)_049002",301.275,"decile 9","deep ripping > 40cm amendment","deep ripping","green","green","red","323.1","049002"
"Kooloonong_chickpea",2020,NA,2,"barley","rip",500,"none","none","NA","none","NA","none","NA","NA","102.63157894736842","3.65625","8.8607142857142858",NA,"Ripped No OM",NA,50,NA,"none","Rip.50_none",0,0,2,1,"0",NA,2019,-34.64,143.56,1,2020-04-20,2020-10-10,"lupin/ lentil/ chickpea","Kooloonong_chickpea_2020","BALRANALD (RSL)_049002",301.275,"decile 9","deep ripping > 40cm no amendment","deep ripping","green","green","red","323.1","049002"
"Kooloonong_chickpea",2020,NA,3,"barley","rip",500,"none","chicken_compost","5","none","NA","none","NA","surface","93.421052631578945","3.11019736842105","7.6535714285714285",NA,"Ripped + OM",NA,50,"surface","Cl.surface","Rip.50_Cl.surface",0,0,2,1,"0",NA,2019,-34.64,143.56,1,2020-04-20,2020-10-10,"lupin/ lentil/ chickpea","Kooloonong_chickpea_2020","BALRANALD (RSL)_049002",301.275,"decile 9","deep ripping > 40cm amendment","deep ripping","green","green","red","323.1","049002"
"Kooloonong_chickpea",2020,NA,3,"barley","rip",500,"none","none","NA","none","NA","none","NA","NA","89.473684210526315","3.30625","7.8642857142857148",NA,"Ripped No OM",NA,50,NA,"none","Rip.50_none",0,0,2,1,"0",NA,2019,-34.64,143.56,1,2020-04-20,2020-10-10,"lupin/ lentil/ chickpea","Kooloonong_chickpea_2020","BALRANALD (RSL)_049002",301.275,"decile 9","deep ripping > 40cm no amendment","deep ripping","green","green","red","323.1","049002"
"Kooloonong_chickpea",2020,NA,4,"barley","rip",500,"none","chicken_compost","5","none","NA","none","NA","surface","96.05263157894737","3.39375","8.1571428571428566",NA,"Ripped + OM",NA,50,"surface","Cl.surface","Rip.50_Cl.surface",0,0,2,1,"0",NA,2019,-34.64,143.56,1,2020-04-20,2020-10-10,"lupin/ lentil/ chickpea","Kooloonong_chickpea_2020","BALRANALD (RSL)_049002",301.275,"decile 9","deep ripping > 40cm amendment","deep ripping","green","green","red","323.1","049002"
"Kooloonong_chickpea",2020,NA,4,"barley","rip",500,"none","none","NA","none","NA","none","NA","NA","78.94736842105263","1.85559210526316","5.0785714285714292",NA,"Ripped No OM",NA,50,NA,"none","Rip.50_none",0,0,2,1,"0",NA,2019,-34.64,143.56,1,2020-04-20,2020-10-10,"lupin/ lentil/ chickpea","Kooloonong_chickpea_2020","BALRANALD (RSL)_049002",301.275,"decile 9","deep ripping > 40cm no amendment","deep ripping","green","green","red","323.1","049002"
"Kooloonong_lentil",2020,NA,1,"barley","rip",500,"none","chicken_compost","5","none","NA","none","NA","surface","86.84210526315789","2.425","6.0571428571428578",NA,"Ripped + OM",NA,50,"surface","Cl.surface","Rip.50_Cl.surface",0,0,2,1,"0",NA,2019,-34.64,143.56,1,2020-04-20,2020-10-10,"lupin/ lentil/ chickpea","Kooloonong_lentil_2020","BALRANALD (RSL)_049002",301.275,"decile 9","deep ripping > 40cm amendment","deep ripping","green","green","red","323.1","049002"
"Kooloonong_lentil",2020,NA,1,"barley","rip",500,"none","none","NA","none","NA","none","NA","NA","115.78947368421052","3.05559210526316","7.8392857142857135",NA,"Ripped No OM",NA,50,NA,"none","Rip.50_none",0,0,2,1,"0",NA,2019,-34.64,143.56,1,2020-04-20,2020-10-10,"lupin/ lentil/ chickpea","Kooloonong_lentil_2020","BALRANALD (RSL)_049002",301.275,"decile 9","deep ripping > 40cm no amendment","deep ripping","green","green","red","323.1","049002"
"Kooloonong_lentil",2020,NA,2,"barley","rip",500,"none","chicken_compost","5","none","NA","none","NA","surface","101.31578947368421","2.66973684210526","6.4428571428571431",NA,"Ripped + OM",NA,50,"surface","Cl.surface","Rip.50_Cl.surface",0,0,2,1,"0",NA,2019,-34.64,143.56,1,2020-04-20,2020-10-10,"lupin/ lentil/ chickpea","Kooloonong_lentil_2020","BALRANALD (RSL)_049002",301.275,"decile 9","deep ripping > 40cm amendment","deep ripping","green","green","red","323.1","049002"
"Kooloonong_lentil",2020,NA,2,"barley","rip",500,"none","none","NA","none","NA","none","NA","NA","98.684210526315795","2.14342105263158","5.3285714285714292",NA,"Ripped No OM",NA,50,NA,"none","Rip.50_none",0,0,2,1,"0",NA,2019,-34.64,143.56,1,2020-04-20,2020-10-10,"lupin/ lentil/ chickpea","Kooloonong_lentil_2020","BALRANALD (RSL)_049002",301.275,"decile 9","deep ripping > 40cm no amendment","deep ripping","green","green","red","323.1","049002"
"Kooloonong_lentil",2020,NA,3,"barley","rip",500,"none","chicken_compost","5","none","NA","none","NA","surface","98.684210526315795","2.77072368421053","6.5428571428571436",NA,"Ripped + OM",NA,50,"surface","Cl.surface","Rip.50_Cl.surface",0,0,2,1,"0",NA,2019,-34.64,143.56,1,2020-04-20,2020-10-10,"lupin/ lentil/ chickpea","Kooloonong_lentil_2020","BALRANALD (RSL)_049002",301.275,"decile 9","deep ripping > 40cm amendment","deep ripping","green","green","red","323.1","049002"
"Kooloonong_lentil",2020,NA,3,"barley","rip",500,"none","none","NA","none","NA","none","NA","NA","102.63157894736842","1.54802631578947","3.8642857142857148",NA,"Ripped No OM",NA,50,NA,"none","Rip.50_none",0,0,2,1,"0",NA,2019,-34.64,143.56,1,2020-04-20,2020-10-10,"lupin/ lentil/ chickpea","Kooloonong_lentil_2020","BALRANALD (RSL)_049002",301.275,"decile 9","deep ripping > 40cm no amendment","deep ripping","green","green","red","323.1","049002"
"Kooloonong_lentil",2020,NA,4,"barley","rip",500,"none","chicken_compost","5","none","NA","none","NA","surface","102.63157894736842","2.06940789473684","4.9250000000000007",NA,"Ripped + OM",NA,50,"surface","Cl.surface","Rip.50_Cl.surface",0,0,2,1,"0",NA,2019,-34.64,143.56,1,2020-04-20,2020-10-10,"lupin/ lentil/ chickpea","Kooloonong_lentil_2020","BALRANALD (RSL)_049002",301.275,"decile 9","deep ripping > 40cm amendment","deep ripping","green","green","red","323.1","049002"
"Kooloonong_lentil",2020,NA,4,"barley","rip",500,"none","none","NA","none","NA","none","NA","NA","85.526315789473685","2.10986842105263","5.1535714285714294",NA,"Ripped No OM",NA,50,NA,"none","Rip.50_none",0,0,2,1,"0",NA,2019,-34.64,143.56,1,2020-04-20,2020-10-10,"lupin/ lentil/ chickpea","Kooloonong_lentil_2020","BALRANALD (RSL)_049002",301.275,"decile 9","deep ripping > 40cm no amendment","deep ripping","green","green","red","323.1","049002"
"Kooloonong_lupin",2020,NA,1,"barley","rip",500,"none","chicken_compost","5","none","NA","none","NA","surface","93.421052631578945","2.24802631578947","5.4785714285714295",NA,"Ripped + OM",NA,50,"surface","Cl.surface","Rip.50_Cl.surface",0,0,2,1,"0",NA,2019,-34.64,143.56,1,2020-04-20,2020-10-10,"lupin/ lentil/ chickpea","Kooloonong_lupin_2020","BALRANALD (RSL)_049002",301.275,"decile 9","deep ripping > 40cm amendment","deep ripping","green","green","red","323.1","049002"
"Kooloonong_lupin",2020,NA,1,"barley","rip",500,"none","none","NA","none","NA","none","NA","NA","86.84210526315789","2.66480263157895","6.9785714285714286",NA,"Ripped No OM",NA,50,NA,"none","Rip.50_none",0,0,2,1,"0",NA,2019,-34.64,143.56,1,2020-04-20,2020-10-10,"lupin/ lentil/ chickpea","Kooloonong_lupin_2020","BALRANALD (RSL)_049002",301.275,"decile 9","deep ripping > 40cm no amendment","deep ripping","green","green","red","323.1","049002"
"Kooloonong_lupin",2020,NA,2,"barley","rip",500,"none","chicken_compost","5","none","NA","none","NA","surface","94.736842105263165","2.42697368421053","6.9607142857142872",NA,"Ripped + OM",NA,50,"surface","Cl.surface","Rip.50_Cl.surface",0,0,2,1,"0",NA,2019,-34.64,143.56,1,2020-04-20,2020-10-10,"lupin/ lentil/ chickpea","Kooloonong_lupin_2020","BALRANALD (RSL)_049002",301.275,"decile 9","deep ripping > 40cm amendment","deep ripping","green","green","red","323.1","049002"
"Kooloonong_lupin",2020,NA,2,"barley","rip",500,"none","none","NA","none","NA","none","NA","NA","93.421052631578945","2.20723684210526","5.882142857142858",NA,"Ripped No OM",NA,50,NA,"none","Rip.50_none",0,0,2,1,"0",NA,2019,-34.64,143.56,1,2020-04-20,2020-10-10,"lupin/ lentil/ chickpea","Kooloonong_lupin_2020","BALRANALD (RSL)_049002",301.275,"decile 9","deep ripping > 40cm no amendment","deep ripping","green","green","red","323.1","049002"
"Kooloonong_lupin",2020,NA,3,"barley","rip",500,"none","chicken_compost","5","none","NA","none","NA","surface","80.263157894736835","1.82697368421053","4.5",NA,"Ripped + OM",NA,50,"surface","Cl.surface","Rip.50_Cl.surface",0,0,2,1,"0",NA,2019,-34.64,143.56,1,2020-04-20,2020-10-10,"lupin/ lentil/ chickpea","Kooloonong_lupin_2020","BALRANALD (RSL)_049002",301.275,"decile 9","deep ripping > 40cm amendment","deep ripping","green","green","red","323.1","049002"
"Kooloonong_lupin",2020,NA,3,"barley","rip",500,"none","none","NA","none","NA","none","NA","NA","85.526315789473685","2.21677631578947","4.8464285714285715",NA,"Ripped No OM",NA,50,NA,"none","Rip.50_none",0,0,2,1,"0",NA,2019,-34.64,143.56,1,2020-04-20,2020-10-10,"lupin/ lentil/ chickpea","Kooloonong_lupin_2020","BALRANALD (RSL)_049002",301.275,"decile 9","deep ripping > 40cm no amendment","deep ripping","green","green","red","323.1","049002"
"Kooloonong_lupin",2020,NA,4,"barley","rip",500,"none","chicken_compost","5","none","NA","none","NA","surface","97.368421052631575","2.40657894736842","5.6071428571428568",NA,"Ripped + OM",NA,50,"surface","Cl.surface","Rip.50_Cl.surface",0,0,2,1,"0",NA,2019,-34.64,143.56,1,2020-04-20,2020-10-10,"lupin/ lentil/ chickpea","Kooloonong_lupin_2020","BALRANALD (RSL)_049002",301.275,"decile 9","deep ripping > 40cm amendment","deep ripping","green","green","red","323.1","049002"
"Kooloonong_lupin",2020,NA,4,"barley","rip",500,"none","none","NA","none","NA","none","NA","NA","96.05263157894737","1.97467105263158","5.3857142857142861",NA,"Ripped No OM",NA,50,NA,"none","Rip.50_none",0,0,2,1,"0",NA,2019,-34.64,143.56,1,2020-04-20,2020-10-10,"lupin/ lentil/ chickpea","Kooloonong_lupin_2020","BALRANALD (RSL)_049002",301.275,"decile 9","deep ripping > 40cm no amendment","deep ripping","green","green","red","323.1","049002"
"Tempy",2020,NA,1,"barley","rip",500,"none","chicken_compost","5","none","NA","none","NA","deep","104.46428571428571","1.92380952380952","3.7976190476190474",NA,"Deep rip + Injected OM",NA,50,"deep","Cl.deep","Rip.50_Cl.deep",1,0,2,1,"0",NA,2019,-35.07,142.31,1,2020-05-15,2020-11-10,"barley","Tempy_2020","OUYEN (POST OFFICE)_076047",293.175,"decile 8","deep ripping > 40cm amendment","deep ripping","orange","green","red","328.4","076047"
"Tempy",2020,NA,1,"barley","rip",500,"none","none","NA","none","NA","none","NA","NA","134.82142857142858","1.7","3.7886904761904758",NA,"Deep rip",NA,50,NA,"none","Rip.50_none",1,0,2,1,"0",NA,2019,-35.07,142.31,1,2020-05-15,2020-11-10,"barley","Tempy_2020","OUYEN (POST OFFICE)_076047",293.175,"decile 8","deep ripping > 40cm no amendment","deep ripping","orange","green","red","328.4","076047"
"Tempy",2020,NA,2,"barley","rip",500,"none","chicken_compost","5","none","NA","none","NA","deep","96.428571428571431","2.35714285714286","4.8095238095238102",NA,"Deep rip + Injected OM",NA,50,"deep","Cl.deep","Rip.50_Cl.deep",1,0,2,1,"0",NA,2019,-35.07,142.31,1,2020-05-15,2020-11-10,"barley","Tempy_2020","OUYEN (POST OFFICE)_076047",293.175,"decile 8","deep ripping > 40cm amendment","deep ripping","orange","green","red","328.4","076047"
"Tempy",2020,NA,2,"barley","rip",500,"none","none","NA","none","NA","none","NA","NA","117.85714285714286","2.00952380952381","4.1398809523809526",NA,"Deep rip",NA,50,NA,"none","Rip.50_none",1,0,2,1,"0",NA,2019,-35.07,142.31,1,2020-05-15,2020-11-10,"barley","Tempy_2020","OUYEN (POST OFFICE)_076047",293.175,"decile 8","deep ripping > 40cm no amendment","deep ripping","orange","green","red","328.4","076047"
"Tempy",2020,NA,3,"barley","rip",500,"none","chicken_compost","5","none","NA","none","NA","deep","100","1.95238095238095","4.583333333333333",NA,"Deep rip + Injected OM",NA,50,"deep","Cl.deep","Rip.50_Cl.deep",1,0,2,1,"0",NA,2019,-35.07,142.31,1,2020-05-15,2020-11-10,"barley","Tempy_2020","OUYEN (POST OFFICE)_076047",293.175,"decile 8","deep ripping > 40cm amendment","deep ripping","orange","green","red","328.4","076047"
"Tempy",2020,NA,3,"barley","rip",500,"none","none","NA","none","NA","none","NA","NA","78.571428571428569","2.06666666666667","3.9672619047619047",NA,"Deep rip",NA,50,NA,"none","Rip.50_none",1,0,2,1,"0",NA,2019,-35.07,142.31,1,2020-05-15,2020-11-10,"barley","Tempy_2020","OUYEN (POST OFFICE)_076047",293.175,"decile 8","deep ripping > 40cm no amendment","deep ripping","orange","green","red","328.4","076047"
"Tempy",2020,NA,4,"barley","rip",500,"none","chicken_compost","5","none","NA","none","NA","deep","102.67857142857143","1.97142857142857","4.2351190476190474",NA,"Deep rip + Injected OM",NA,50,"deep","Cl.deep","Rip.50_Cl.deep",1,0,2,1,"0",NA,2019,-35.07,142.31,1,2020-05-15,2020-11-10,"barley","Tempy_2020","OUYEN (POST OFFICE)_076047",293.175,"decile 8","deep ripping > 40cm amendment","deep ripping","orange","green","red","328.4","076047"
"Tempy",2020,NA,4,"barley","rip",500,"none","none","NA","none","NA","none","NA","NA","116.96428571428571","1.72380952380952","3.589285714285714",NA,"Deep rip",NA,50,NA,"none","Rip.50_none",1,0,2,1,"0",NA,2019,-35.07,142.31,1,2020-05-15,2020-11-10,"barley","Tempy_2020","OUYEN (POST OFFICE)_076047",293.175,"decile 8","deep ripping > 40cm no amendment","deep ripping","orange","green","red","328.4","076047"
"Wynarka",2020,NA,1,"lupin","rip",300,"none","none","NA","none","NA","none","NA","NA","56.25","2.23889555822329","7.3112244897959178",NA,"Rip 300",NA,30,NA,"none","Rip.30_none",2,0,2,1,"0",NA,2019,-35.09,139.9,1,2020-04-18,2020-11-24,"barley","Wynarka_2020","KAROONDA_025006",276.425,"decile 7","deep ripping < 40cm no amendment","deep ripping","red","green","red","340.4","025006"
"Wynarka",2020,NA,1,"lupin","rip",600,"none","none","NA","none","NA","none","NA","NA","45.535714285714285","2.18187274909964","8.2346938775510203",NA,"Rip 600",NA,60,NA,"none","Rip.60_none",2,0,2,1,"0",NA,2019,-35.09,139.9,1,2020-04-18,2020-11-24,"barley","Wynarka_2020","KAROONDA_025006",276.425,"decile 7","deep ripping > 40cm no amendment","deep ripping","red","green","red","340.4","025006"
"Wynarka",2020,NA,2,"lupin","rip",300,"none","none","NA","none","NA","none","NA","NA","63.392857142857146","2.07082833133253","6.8418367346938771",NA,"Rip 300",NA,30,NA,"none","Rip.30_none",2,0,2,1,"0",NA,2019,-35.09,139.9,1,2020-04-18,2020-11-24,"barley","Wynarka_2020","KAROONDA_025006",276.425,"decile 7","deep ripping < 40cm no amendment","deep ripping","red","green","red","340.4","025006"
"Wynarka",2020,NA,2,"lupin","rip",600,"none","none","NA","none","NA","none","NA","NA","26.785714285714285","2.01680672268908","7.3877551020408143",NA,"Rip 600",NA,60,NA,"none","Rip.60_none",2,0,2,1,"0",NA,2019,-35.09,139.9,1,2020-04-18,2020-11-24,"barley","Wynarka_2020","KAROONDA_025006",276.425,"decile 7","deep ripping > 40cm no amendment","deep ripping","red","green","red","340.4","025006"
"Wynarka",2020,NA,3,"lupin","rip",300,"none","none","NA","none","NA","none","NA","NA","68.75","2.01980792316927","6.2602040816326534",NA,"Rip 300",NA,30,NA,"none","Rip.30_none",2,0,2,1,"0",NA,2019,-35.09,139.9,1,2020-04-18,2020-11-24,"barley","Wynarka_2020","KAROONDA_025006",276.425,"decile 7","deep ripping < 40cm no amendment","deep ripping","red","green","red","340.4","025006"
"Wynarka",2020,NA,3,"lupin","rip",600,"none","none","NA","none","NA","none","NA","NA","42.857142857142854","2.08583433373349","7.0153061224489788",NA,"Rip 600",NA,60,NA,"none","Rip.60_none",2,0,2,1,"0",NA,2019,-35.09,139.9,1,2020-04-18,2020-11-24,"barley","Wynarka_2020","KAROONDA_025006",276.425,"decile 7","deep ripping > 40cm no amendment","deep ripping","red","green","red","340.4","025006"
"Wynarka",2020,NA,4,"lupin","rip",300,"none","none","NA","none","NA","none","NA","NA","49.107142857142854","2.32593037214886","7.7653061224489797",NA,"Rip 300",NA,30,NA,"none","Rip.30_none",2,0,2,1,"0",NA,2019,-35.09,139.9,1,2020-04-18,2020-11-24,"barley","Wynarka_2020","KAROONDA_025006",276.425,"decile 7","deep ripping < 40cm no amendment","deep ripping","red","green","red","340.4","025006"
"Wynarka",2020,NA,4,"lupin","rip",600,"none","none","NA","none","NA","none","NA","NA","60.714285714285715","2.20588235294118","5.3061224489795915",NA,"Rip 600",NA,60,NA,"none","Rip.60_none",2,0,2,1,"0",NA,2019,-35.09,139.9,1,2020-04-18,2020-11-24,"barley","Wynarka_2020","KAROONDA_025006",276.425,"decile 7","deep ripping > 40cm no amendment","deep ripping","red","green","red","340.4","025006"
"Malinong",2020,4,1,"canola","rip",300,"none","none","NA","none","NA","none","NA","NA","13.333333333333334","2.45","NA",NA,"Rip30",NA,30,NA,"none","Rip.30_none",2,2,2,0,"0",2019-05-02,2019,-35.52,139.51,1,2020-04-27,2020-11-24,"barley","Malinong_2020","COOMANDOOK (MALINONG)_025508",361.875,"decile 7","deep ripping < 40cm no amendment","deep ripping","red","red","red","458.3","025508"
"Malinong",2020,5,1,"canola","rip",400,"none","none","NA","none","NA","none","NA","NA","13.333333333333334","2.05","NA",NA,"Rip 40",NA,40,NA,"none","Rip.40_none",2,2,2,0,"0",2019-05-02,2019,-35.52,139.51,1,2020-04-27,2020-11-24,"barley","Malinong_2020","COOMANDOOK (MALINONG)_025508",361.875,"decile 7","deep ripping < 40cm no amendment","deep ripping","red","red","red","458.3","025508"
"Malinong",2020,7,2,"canola","rip",400,"none","none","NA","none","NA","none","NA","NA","15.833333333333334","1.6","NA",NA,"Rip 40",NA,40,NA,"none","Rip.40_none",2,2,2,0,"0",2019-05-02,2019,-35.52,139.51,1,2020-04-27,2020-11-24,"barley","Malinong_2020","COOMANDOOK (MALINONG)_025508",361.875,"decile 7","deep ripping < 40cm no amendment","deep ripping","red","red","red","458.3","025508"
"Malinong",2020,10,2,"canola","rip",300,"none","none","NA","none","NA","none","NA","NA","2.5","2.41","NA",NA,"Rip30",NA,30,NA,"none","Rip.30_none",2,2,2,0,"0",2019-05-02,2019,-35.52,139.51,1,2020-04-27,2020-11-24,"barley","Malinong_2020","COOMANDOOK (MALINONG)_025508",361.875,"decile 7","deep ripping < 40cm no amendment","deep ripping","red","red","red","458.3","025508"
"Malinong",2020,12,3,"canola","rip",400,"none","none","NA","none","NA","none","NA","NA","10","2.51","NA",NA,"Rip 40",NA,40,NA,"none","Rip.40_none",2,2,2,0,"0",2019-05-02,2019,-35.52,139.51,1,2020-04-27,2020-11-24,"barley","Malinong_2020","COOMANDOOK (MALINONG)_025508",361.875,"decile 7","deep ripping < 40cm no amendment","deep ripping","red","red","red","458.3","025508"
"Malinong",2020,14,3,"canola","rip",300,"none","none","NA","none","NA","none","NA","NA","17.5","2.22","NA",NA,"Rip30",NA,30,NA,"none","Rip.30_none",2,2,2,0,"0",2019-05-02,2019,-35.52,139.51,1,2020-04-27,2020-11-24,"barley","Malinong_2020","COOMANDOOK (MALINONG)_025508",361.875,"decile 7","deep ripping < 40cm no amendment","deep ripping","red","red","red","458.3","025508"
"Sherwood",2020,2,1,"beans","rip",300,"none","none","NA","none","NA","none","NA","NA","17.21311475409836","1.35991058122206","NA",NA,"Ripped",NA,30,NA,"none","Rip.30_none",0,0,2,1,"0",2019-05-07,2019,-36.1,140.36,1,2020-04-18,2020-12-01,"wheat","Sherwood_2020","KEITH_025507",378.9,"decile 6","deep ripping < 40cm no amendment","deep ripping","green","green","red","459.7","025507"
"Sherwood",2020,10,2,"beans","rip",300,"none","none","NA","none","NA","none","NA","NA","16.393442622950822","1.1525086934923","NA",NA,"Ripped",NA,30,NA,"none","Rip.30_none",0,0,2,1,"0",2019-05-07,2019,-36.1,140.36,1,2020-04-18,2020-12-01,"wheat","Sherwood_2020","KEITH_025507",378.9,"decile 6","deep ripping < 40cm no amendment","deep ripping","green","green","red","459.7","025507"
"Sherwood",2020,14,3,"beans","rip",300,"none","none","NA","none","NA","none","NA","NA","13.934426229508198","0.779930452061599","NA",NA,"Ripped",NA,30,NA,"none","Rip.30_none",0,0,2,1,"0",2019-05-07,2019,-36.1,140.36,1,2020-04-18,2020-12-01,"wheat","Sherwood_2020","KEITH_025507",378.9,"decile 6","deep ripping < 40cm no amendment","deep ripping","green","green","red","459.7","025507"
"Cummins",2020,3,1,"canola","rip",300,"none","none","NA","none","NA","none","NA","NA","22.222222222222221","2.53164556962024","NA",NA,"RIP",NA,30,NA,"none","Rip.30_none",0,1,2,1,"1",2019-03-21,2019,-34.26,135.73,1,2020-05-06,2020-11-09,"wheat","Cummins_2020","CUMMINS_018023",348,"decile 5","deep ripping < 40cm no amendment","deep ripping","green","orange","red","422.5","018023"
"Cummins",2020,8,2,"canola","rip",300,"none","none","NA","none","NA","none","NA","NA","30","2.95358649789031","NA",NA,"RIP",NA,30,NA,"none","Rip.30_none",0,1,2,1,"1",2019-03-21,2019,-34.26,135.73,1,2020-05-06,2020-11-09,"wheat","Cummins_2020","CUMMINS_018023",348,"decile 5","deep ripping < 40cm no amendment","deep ripping","green","orange","red","422.5","018023"
"Cummins",2020,12,3,"canola","rip",300,"none","none","NA","none","NA","none","NA","NA","26.666666666666668","2.53164556962024","NA",NA,"RIP",NA,30,NA,"none","Rip.30_none",0,1,2,1,"1",2019-03-21,2019,-34.26,135.73,1,2020-05-06,2020-11-09,"wheat","Cummins_2020","CUMMINS_018023",348,"decile 5","deep ripping < 40cm no amendment","deep ripping","green","orange","red","422.5","018023"
"Karkoo",2020,1,1,"canola","rip",400,"none","none","NA","none","NA","none","NA","NA","45","1.99074074074074","NA","clay spreading pre trial","CLAY+RIP",NA,40,NA,"none","Rip.40_none",0,0,1,1,"0",2019-03-20,2019,-34.13,135.73,1,2020-04-23,2020-11-09,"wheat","Karkoo_2020","YEELANNA_018099",362.1,"decile 7","deep ripping < 40cm no amendment","deep ripping","green","green","orange","408.3","018099"
"Karkoo",2020,5,2,"canola","rip",400,"none","none","NA","none","NA","none","NA","NA","50","2.08333333333333","NA","clay spreading pre trial","CLAY+RIP",NA,40,NA,"none","Rip.40_none",0,0,1,1,"0",2019-03-20,2019,-34.13,135.73,1,2020-04-23,2020-11-09,"wheat","Karkoo_2020","YEELANNA_018099",362.1,"decile 7","deep ripping < 40cm no amendment","deep ripping","green","green","orange","408.3","018099"
"Karkoo",2020,11,3,"canola","rip",400,"none","none","NA","none","NA","none","NA","NA","52.5","2.68518518518519","NA","clay spreading pre trial","CLAY+RIP",NA,40,NA,"none","Rip.40_none",0,0,1,1,"0",2019-03-20,2019,-34.13,135.73,1,2020-04-23,2020-11-09,"wheat","Karkoo_2020","YEELANNA_018099",362.1,"decile 7","deep ripping < 40cm no amendment","deep ripping","green","green","orange","408.3","018099"
"Buckleboo",2020,3,1,"barley","rip",350,"none","none","NA","none","NA","none","NA","NA","126.66666666666667","1.4792","2.25",NA,"RIP35",NA,35,NA,"none","Rip.35_none",0,0,2,1,"0",2019-03-14,2019,-33.14,136.41,1,2020-04-24,2020-10-23,"wheat","Buckleboo_2020","KIMBA_018040",272.65,"decile 6","deep ripping < 40cm no amendment","deep ripping","green","green","red","346.2","018040"
"Buckleboo",2020,5,1,"barley","rip",450,"none","none","NA","none","NA","none","NA","NA","125.99999999999999","1.597536","2.7333333333333329",NA,"RIP45",NA,45,NA,"none","Rip.45_none",0,0,2,1,"0",2019-03-14,2019,-33.14,136.41,1,2020-04-24,2020-10-23,"wheat","Buckleboo_2020","KIMBA_018040",272.65,"decile 6","deep ripping > 40cm no amendment","deep ripping","green","green","red","346.2","018040"
"Buckleboo",2020,12,2,"barley","rip",450,"none","none","NA","none","NA","none","NA","NA","144","1.73806","2.8166666666666669",NA,"RIP45",NA,45,NA,"none","Rip.45_none",0,0,2,1,"0",2019-03-14,2019,-33.14,136.41,1,2020-04-24,2020-10-23,"wheat","Buckleboo_2020","KIMBA_018040",272.65,"decile 6","deep ripping > 40cm no amendment","deep ripping","green","green","red","346.2","018040"
"Buckleboo",2020,13,2,"barley","rip",350,"none","none","NA","none","NA","none","NA","NA","144","1.671496","2.5666666666666669",NA,"RIP35",NA,35,NA,"none","Rip.35_none",0,0,2,1,"0",2019-03-14,2019,-33.14,136.41,1,2020-04-24,2020-10-23,"wheat","Buckleboo_2020","KIMBA_018040",272.65,"decile 6","deep ripping < 40cm no amendment","deep ripping","green","green","red","346.2","018040"
"Buckleboo",2020,17,3,"barley","rip",450,"none","none","NA","none","NA","none","NA","NA","110.66666666666669","1.530972","3.4333333333333331",NA,"RIP45",NA,45,NA,"none","Rip.45_none",0,0,2,1,"0",2019-03-14,2019,-33.14,136.41,1,2020-04-24,2020-10-23,"wheat","Buckleboo_2020","KIMBA_018040",272.65,"decile 6","deep ripping > 40cm no amendment","deep ripping","green","green","red","346.2","018040"
"Buckleboo",2020,19,3,"barley","rip",350,"none","none","NA","none","NA","none","NA","NA","103.33333333333333","1.508784","2.9833333333333329",NA,"RIP35",NA,35,NA,"none","Rip.35_none",0,0,2,1,"0",2019-03-14,2019,-33.14,136.41,1,2020-04-24,2020-10-23,"wheat","Buckleboo_2020","KIMBA_018040",272.65,"decile 6","deep ripping < 40cm no amendment","deep ripping","green","green","red","346.2","018040"
"Kybunga",2020,NA,1,"barley","rip",300,"none","none","NA","none","NA","none","NA","NA","NA","2.38666666666667","NA",NA,"Shallow_rip",NA,30,NA,"none","Rip.30_none",1,0,2,0,"0",2019-05-13,2019,-33.84,138.61,1,2020-05-15,2020-11-11,"wheat","Kybunga_2020","CLARE POST OFFICE_021014",457.675,"decile 4","deep ripping < 40cm no amendment","deep ripping","orange","green","red","633.7","021014"
"Kybunga",2020,NA,2,"barley","rip",300,"none","none","NA","none","NA","none","NA","NA","NA","2.93333333333333","NA",NA,"Shallow_rip",NA,30,NA,"none","Rip.30_none",1,0,2,0,"0",2019-05-13,2019,-33.84,138.61,1,2020-05-15,2020-11-11,"wheat","Kybunga_2020","CLARE POST OFFICE_021014",457.675,"decile 4","deep ripping < 40cm no amendment","deep ripping","orange","green","red","633.7","021014"
"Kybunga",2020,NA,3,"barley","rip",300,"none","none","NA","none","NA","none","NA","NA","NA","3.54","NA",NA,"Shallow_rip",NA,30,NA,"none","Rip.30_none",1,0,2,0,"0",2019-05-13,2019,-33.84,138.61,1,2020-05-15,2020-11-11,"wheat","Kybunga_2020","CLARE POST OFFICE_021014",457.675,"decile 4","deep ripping < 40cm no amendment","deep ripping","orange","green","red","633.7","021014"
"Kybunga",2020,NA,4,"barley","rip",300,"none","none","NA","none","NA","none","NA","NA","NA","3.24666666666667","NA",NA,"Shallow_rip",NA,30,NA,"none","Rip.30_none",1,0,2,0,"0",2019-05-13,2019,-33.84,138.61,1,2020-05-15,2020-11-11,"wheat","Kybunga_2020","CLARE POST OFFICE_021014",457.675,"decile 4","deep ripping < 40cm no amendment","deep ripping","orange","green","red","633.7","021014"
"Kybunga",2020,NA,1,"barley","rip",500,"none","none","NA","none","NA","none","NA","NA","NA","2.69666666666667","NA",NA,"Deep_rip",NA,50,NA,"none","Rip.50_none",1,0,2,0,"0",2019-05-13,2019,-33.84,138.61,1,2020-05-15,2020-11-11,"wheat","Kybunga_2020","CLARE POST OFFICE_021014",457.675,"decile 4","deep ripping > 40cm no amendment","deep ripping","orange","green","red","633.7","021014"
"Kybunga",2020,NA,2,"barley","rip",500,"none","none","NA","none","NA","none","NA","NA","NA","2.49333333333333","NA",NA,"Deep_rip",NA,50,NA,"none","Rip.50_none",1,0,2,0,"0",2019-05-13,2019,-33.84,138.61,1,2020-05-15,2020-11-11,"wheat","Kybunga_2020","CLARE POST OFFICE_021014",457.675,"decile 4","deep ripping > 40cm no amendment","deep ripping","orange","green","red","633.7","021014"
"Kybunga",2020,NA,3,"barley","rip",500,"none","none","NA","none","NA","none","NA","NA","NA","3.16666666666667","NA",NA,"Deep_rip",NA,50,NA,"none","Rip.50_none",1,0,2,0,"0",2019-05-13,2019,-33.84,138.61,1,2020-05-15,2020-11-11,"wheat","Kybunga_2020","CLARE POST OFFICE_021014",457.675,"decile 4","deep ripping > 40cm no amendment","deep ripping","orange","green","red","633.7","021014"
"Kybunga",2020,NA,4,"barley","rip",500,"none","none","NA","none","NA","none","NA","NA","NA","3.37333333333333","NA",NA,"Deep_rip",NA,50,NA,"none","Rip.50_none",1,0,2,0,"0",2019-05-13,2019,-33.84,138.61,1,2020-05-15,2020-11-11,"wheat","Kybunga_2020","CLARE POST OFFICE_021014",457.675,"decile 4","deep ripping > 40cm no amendment","deep ripping","orange","green","red","633.7","021014"
"Kybunga",2020,NA,1,"barley","rip",500,"none","chicken_manure","7.5","none","NA","none","NA","surface","NA","3.14666666666667","NA",NA,"Deep_rip + OM",NA,50,"surface","Cl.surface","Rip.50_Cl.surface",1,0,2,0,"0",2019-05-13,2019,-33.84,138.61,1,2020-05-15,2020-11-11,"wheat","Kybunga_2020","CLARE POST OFFICE_021014",457.675,"decile 4","deep ripping > 40cm amendment","deep ripping","orange","green","red","633.7","021014"
"Kybunga",2020,NA,2,"barley","rip",500,"none","chicken_manure","7.5","none","NA","none","NA","surface","NA","3.32333333333333","NA",NA,"Deep_rip + OM",NA,50,"surface","Cl.surface","Rip.50_Cl.surface",1,0,2,0,"0",2019-05-13,2019,-33.84,138.61,1,2020-05-15,2020-11-11,"wheat","Kybunga_2020","CLARE POST OFFICE_021014",457.675,"decile 4","deep ripping > 40cm amendment","deep ripping","orange","green","red","633.7","021014"
"Kybunga",2020,NA,3,"barley","rip",500,"none","chicken_manure","7.5","none","NA","none","NA","surface","NA","3.48","NA",NA,"Deep_rip + OM",NA,50,"surface","Cl.surface","Rip.50_Cl.surface",1,0,2,0,"0",2019-05-13,2019,-33.84,138.61,1,2020-05-15,2020-11-11,"wheat","Kybunga_2020","CLARE POST OFFICE_021014",457.675,"decile 4","deep ripping > 40cm amendment","deep ripping","orange","green","red","633.7","021014"
"Kybunga",2020,NA,4,"barley","rip",500,"none","chicken_manure","7.5","none","NA","none","NA","surface","NA","3.28333333333333","NA",NA,"Deep_rip + OM",NA,50,"surface","Cl.surface","Rip.50_Cl.surface",1,0,2,0,"0",2019-05-13,2019,-33.84,138.61,1,2020-05-15,2020-11-11,"wheat","Kybunga_2020","CLARE POST OFFICE_021014",457.675,"decile 4","deep ripping > 40cm amendment","deep ripping","orange","green","red","633.7","021014"
"Warnertown",2020,NA,1,"lentil","rip",500,"none","none","NA","none","NA","none","NA","NA","93","1.024","NA",NA,"Rip50",NA,50,NA,"none","Rip.50_none",1,0,2,0,"0",2019-04-11,2019,-33.35,138.1,1,2020-05-12,2020-11-18,"barley","Warnertown_2020","NUROM (RIVERSIDE FARM)_021102",382.45,"decile 9","deep ripping > 40cm no amendment","deep ripping","orange","green","red","374.8","021102"
"Warnertown",2020,NA,1,"lentil","rip",300,"none","none","NA","none","NA","none","NA","NA","119","0.952","NA",NA,"Rip30",NA,30,NA,"none","Rip.30_none",1,0,2,0,"0",2019-04-11,2019,-33.35,138.1,1,2020-05-12,2020-11-18,"barley","Warnertown_2020","NUROM (RIVERSIDE FARM)_021102",382.45,"decile 9","deep ripping < 40cm no amendment","deep ripping","orange","green","red","374.8","021102"
"Warnertown",2020,NA,2,"lentil","rip",300,"none","none","NA","none","NA","none","NA","NA","110","0.814666666666667","NA",NA,"Rip30",NA,30,NA,"none","Rip.30_none",1,0,2,0,"0",2019-04-11,2019,-33.35,138.1,1,2020-05-12,2020-11-18,"barley","Warnertown_2020","NUROM (RIVERSIDE FARM)_021102",382.45,"decile 9","deep ripping < 40cm no amendment","deep ripping","orange","green","red","374.8","021102"
"Warnertown",2020,NA,2,"lentil","rip",500,"none","none","NA","none","NA","none","NA","NA","97.333333333333329","1.07333333333333","NA",NA,"Rip50",NA,50,NA,"none","Rip.50_none",1,0,2,0,"0",2019-04-11,2019,-33.35,138.1,1,2020-05-12,2020-11-18,"barley","Warnertown_2020","NUROM (RIVERSIDE FARM)_021102",382.45,"decile 9","deep ripping > 40cm no amendment","deep ripping","orange","green","red","374.8","021102"
"Warnertown",2020,NA,3,"lentil","rip",300,"none","none","NA","none","NA","none","NA","NA","112","1.156","NA",NA,"Rip30",NA,30,NA,"none","Rip.30_none",1,0,2,0,"0",2019-04-11,2019,-33.35,138.1,1,2020-05-12,2020-11-18,"barley","Warnertown_2020","NUROM (RIVERSIDE FARM)_021102",382.45,"decile 9","deep ripping < 40cm no amendment","deep ripping","orange","green","red","374.8","021102"
"Warnertown",2020,NA,3,"lentil","rip",500,"none","none","NA","none","NA","none","NA","NA","112","0.86","NA",NA,"Rip50",NA,50,NA,"none","Rip.50_none",1,0,2,0,"0",2019-04-11,2019,-33.35,138.1,1,2020-05-12,2020-11-18,"barley","Warnertown_2020","NUROM (RIVERSIDE FARM)_021102",382.45,"decile 9","deep ripping > 40cm no amendment","deep ripping","orange","green","red","374.8","021102"
